"Country Name","Country Code","Series Name","Series Code","2000 [YR2000]","2001 [YR2001]","2002 [YR2002]","2003 [YR2003]","2004 [YR2004]","2005 [YR2005]","2006 [YR2006]","2007 [YR2007]","2008 [YR2008]","2009 [YR2009]","2010 [YR2010]","2011 [YR2011]","2012 [YR2012]","2013 [YR2013]","2014 [YR2014]","2015 [YR2015]","2016 [YR2016]","2017 [YR2017]","2018 [YR2018]","2019 [YR2019]","2020 [YR2020]","2021 [YR2021]","2022 [YR2022]","2023 [YR2023]","2024 [YR2024]"
"Malawi","MWI","Population, total","SP.POP.TOTL","11315942","11593058","11880440","12181574","12500737","12840031","13198701","13576343","13976417","14395788","14826463","15265022","15709577","16161816","16621538","17085587","17557739","18039715","18528081","19025752","19533888","20047258","20568728","21104482","21655286"
"Malawi","MWI","Poverty headcount ratio at national poverty lines (% of population)","SI.POV.NAHC","..","..","..","..","52.4","..","..","..","..","..","50.7","..","..","..","..","..","51.5","..","..","50.7","..","..","..","..",".."
"Malawi","MWI","Poverty headcount ratio at $3.00 a day (2021 PPP) (% of population)","SI.POV.DDAY","..","..","..","..","74.4","..","..","..","..","..","72.9","..","..","..","..","..","71.7","..","..","75.4","..","..","..","..",".."
"Malawi","MWI","Fertility rate, total (births per woman)","SP.DYN.TFRT.IN","6.002","5.943","5.903","5.875","5.864","5.848","5.802","5.724","5.609","5.453","5.263","5.083","4.902","4.759","4.569","4.384","4.216","4.113","4.021","3.952","3.877","3.791","3.72","3.648",".."
"Malawi","MWI","Contraceptive prevalence, any method (% of married women ages 15-49)","SP.DYN.CONU.ZS","30.6","..","..","..","32.5","..","41.0162764","..","..","..","46.1","..","..","..","58.59982232","..","59.2","..","..","..","65.6131232873079","..","..","..",".."
"Malawi","MWI","Births attended by skilled health staff (% of total)","SH.STA.BRTC.ZS","55.6","..","60.5","..","56.1","56.1","53.6","..","68","..","71.4","..","..","..","87.4","..","89.8","..","..","..","96.4","..","..","..",".."
"Malawi","MWI","Mortality rate, under-5 (per 1,000 live births)","SH.DYN.MORT","173.3","159.9","145.5","131.5","119.3","109.9","103.4","98.3","93.1","88.1","83","76.7","69.8","64","60.2","56.7","53.5","50.6","47.5","45.5","43.1","41.5","39.9","38.3",".."
"Malawi","MWI","Primary completion rate, total (% of relevant age group)","SE.PRM.CMPT.ZS","64.3569717407227","66.0953063964844","69.4786911010742","..","60.8922386169434","60.8803215026855","60.7036895751953","61.8733406066895","67.1104278564453","68.1327514648438","65.8606861352408","70.1859278162596","73.5430368466405","77.6319601092247","77.7032284048367","..","..","..","..","76.5650195834699","..","86.0417244045101","..","68.3633913523696","70.1399332330763"
"Malawi","MWI","School enrollment, primary (% gross)","SE.PRM.ENRR","139.182037353516","143.611740112305","140.272842407227","..","133.789779663086","131.803100585938","131.494323730469","128.682327270508","136.033767700195","133.763076782227","135.953379497131","136.570114875395","136.603950137451","140.88915082399","140.734554498983","139.547593190997","137.823026920131","139.233233518644","136.723876953125","139.274520404398","136.43618677975","127.042360318779","126.587758962955","135.974440781822","139.016258677384"
"Malawi","MWI","GDP (current US$)","NY.GDP.MKTP.CD","2537307580.32808","2498008664.6691","5087328437.8737","4669789300.35662","5058726350.48896","5320409651.47544","5818279739.14354","6451210219.11683","7743617352.21427","9009887946.82039","10128323010.6049","11648142958.3651","8773203178.16512","8031571927.62055","8801326169.14547","9219474379.31534","7909868618.46366","8943543793.5839","9879220354.29186","11051852712.6142","11769313597.8545","12378119199.0839","12429059928.102","13363669672.9405","11316411329.4619"
"Malawi","MWI","Maternal mortality ratio (modeled estimate, per 100,000 live births)","SH.STA.MMRT","506","447","404","346","304","283","286","333","430","512","517","486","447","410","367","354","312","284","267","260","256","286","239","225",".."
"Malawi","MWI","Maternal mortality ratio (national estimate, per 100,000 live births)","SH.STA.MMRT.NE","..","..","..","..","..","..","..","..","..","..","..","..","..","..","..","439","..","..","..","..","..","..","..","..",".."
"Malawi","MWI","Women participating in the three decisions (own health care, major household purchases, and visiting family) (% of women age 15-49)","SG.DMK.ALLD.FN.ZS","11","..","..","..","13.1","..","..","..","..","..","22.3","..","..","..","..","..","46.9","..","..","..","..","..","..","..",".."
"Malawi","MWI","Women making their own informed decisions regarding sexual relations, contraceptive use and reproductive health care (% of women age 15-49)","SG.DMK.SRCR.FN.ZS","..","..","..","..","..","..","..","..","..","..","42.2","..","..","..","..","..","44.7","..","..","..","..","..","..","..",".."
"Malawi","MWI","Unmet need for contraception (% of married women ages 15-49)","SP.UWT.TFRT","29.9","..","..","..","30.3","..","..","..","..","..","26.2","..","..","..","19.43945176","..","18.7","..","..","..","15.4285968331741","..","..","..",".."
"Malawi","MWI","GDP per capita (current US$)","NY.GDP.PCAP.CD","224.22415918428","215.474524898357","428.210439838398","383.348596852642","404.674248445428","414.361121984475","440.822149023873","475.180261659331","554.048820396119","625.869729869625","683.124694716799","763.061000394572","558.46208832772","496.947368267313","529.5133440206","539.605363240686","450.506105510719","495.769683367165","533.202567189331","580.889139762475","602.507478176106","617.446994451007","604.269740360317","633.214767978695","522.570393642547"
"Malawi","MWI","Current health expenditure per capita (current US$)","SH.XPD.CHEX.PC.CD","8.84964848","7.42542601","11.17413807","12.3155899","15.94395351","17.24028015","20.95070648","25.0216465","32.73482132","35.56456757","33.99194336","39.29234314","32.53762817","39.54008484","35.33760452","34.97310638","34.0307579","37.60110092","36.70302963","36.91519165","42.37881851","46.41017532","40.03453827","41.26664734",".."
"Malawi","MWI","Current health expenditure (% of GDP)","SH.XPD.CHEX.GD.ZS","2.35247517","2.06040049","2.69725966","3.32019806","4.07199907","4.30046511","4.91223288","5.44258356","6.10668802","5.87333822","5.14304781","5.32226658","6.02199793","8.22379494","6.89776182","6.62879086","7.72703791","7.58438921","6.88249922","6.37021732","7.03859568","7.5164628","6.62527609","6.53459597",".."
"Malawi","MWI","Contraceptive prevalence, any modern method (% of married women ages 15-49)","SP.DYN.CONM.ZS","26.1","..","..","..","28.1","..","38.63413272","..","..","..","42.2","..","..","..","57.35197492","..","58.1","..","..","..","64.7285266936676","..","..","..",".."
"Malawi","MWI","Urban population (% of total population)","SP.URB.TOTL.IN.ZS","14.6770603287659","14.780400724713","14.8722487440558","14.9551384691108","15.0316039821946","15.1041793656241","15.1753987017157","15.2477960727861","15.3238029928378","15.4015312766848","15.4776969380518","15.5523153908723","15.6253133040464","15.6966173464742","15.766154187056","15.8338504946918","15.899632938282","15.9634281867266","16.0221486554255","16.1383746619001","16.2961471756409","16.4881925800694","16.7146031979436","16.9748746665356","17.268503531213"
NA,NA,NA,NA,NA,NA,NA,NA,NA,NA,NA,NA,NA,NA,NA,NA,NA,NA,NA,NA,NA,NA,NA,NA,NA,NA,NA,NA,NA
NA,NA,NA,NA,NA,NA,NA,NA,NA,NA,NA,NA,NA,NA,NA,NA,NA,NA,NA,NA,NA,NA,NA,NA,NA,NA,NA,NA,NA
NA,NA,NA,NA,NA,NA,NA,NA,NA,NA,NA,NA,NA,NA,NA,NA,NA,NA,NA,NA,NA,NA,NA,NA,NA,NA,NA,NA,NA
"Data from database: World Development Indicators",NA,NA,NA,NA,NA,NA,NA,NA,NA,NA,NA,NA,NA,NA,NA,NA,NA,NA,NA,NA,NA,NA,NA,NA,NA,NA,NA,NA
"Last Updated: 02/24/2026",NA,NA,NA,NA,NA,NA,NA,NA,NA,NA,NA,NA,NA,NA,NA,NA,NA,NA,NA,NA,NA,NA,NA,NA,NA,NA,NA,NA
"Code","License Type","Indicator Name","Long definition","Source","Topic","Dataset","Unit of measure","Periodicity","Reference period","Aggregation method","Statistical concept and methodology","Development relevance","Limitations and exceptions","Other notes","License URL",NA,NA,NA,NA,NA,NA,NA,NA,NA,NA,NA,NA,NA
"SP.POP.TOTL","CC BY-4.0","Population, total","Total population is based on the de facto definition of population, which counts all residents regardless of legal status or citizenship. The values shown are midyear estimates.","World Population Prospects, United Nations (UN), uri: https://population.un.org/wpp/, publisher: UN Population Division;
Statistical databases and publications from national statistical offices, National Statistical Offices, uri: https://unstats.un.org/home/nso_sites/, publisher: National Statistical Offices;
Eurostat: Demographic Statistics, Eurostat (ESTAT), uri: https://ec.europa.eu/eurostat/data/database?node_code=earn_ses_monthly, publisher: Eurostat;
Population and Vital Statistics Report (various years), United Nations (UN), uri: https://unstats.un.org, publisher: UN Statistics Division","Health: Population: Structure","WB_WDI","Unit","Annual","1960-2024","Sum","Methodology: Population estimates are usually based on national population censuses, and estimates of fertility, mortality and migration.



Errors and undercounting in census occur even in high-income countries.  In developing countries errors may be substantial because of limits in the transport, communications, and other resources required to conduct and analyze a full census.



The quality and reliability of official demographic data are also affected by public trust in the government, government commitment to full and accurate enumeration, confidentiality and protection against misuse of census data, and census agencies' independence from political influence. Moreover, comparability of population indicators is limited by differences in the concepts, definitions, collection procedures, and estimation methods used by national statistical agencies and other organizations that collect the data.



The currentness of a census and the availability of complementary data from surveys or registration systems are objective ways to judge demographic data quality. Some European countries' registration systems offer complete information on population in the absence of a census.



The United Nations Statistics Division monitors the completeness of vital registration systems. Some developing countries have made progress over the last 60 years, but others still have deficiencies in civil registration systems.



International migration is the only other factor besides birth and death rates that directly determines a country's population change. Estimating migration is difficult. At any time many people are located outside their home country as tourists, workers, or refugees or for other reasons. Standards for the duration and purpose of international moves that qualify as migration vary, and estimates require information on flows into and out of countries that is difficult to collect.



One of the major data sources of this indicator is UN Population Division's World Population Prospects, which use the cohort component method to produce population estimates and projections.



Population projections, starting from a base year are projected forward using assumptions of mortality, fertility, and migration by age and sex through 2050, based on the UN Population Division's World Population Prospects database medium variant.
Statistical concept(s): Estimates of total population describe the size of total population. Population estimates are dependent on the demographic components of change that are fertility, mortality and migration. As the size of population continues to change throughout the time even within a year, a reference time in the year that the estimate refers to is needed, such as mid-year, end-year or beginning of year. The values shown are midyear estimates.","Increases in human population, whether as a result of immigration or more births than deaths, can impact natural resources and social infrastructure.  This can place pressure on a country's sustainability.  A significant growth in population will negatively impact the availability of land for agricultural production, and will aggravate demand for food, energy, water, social services, and infrastructure. On the other hand, decreasing population size - a result of fewer births than deaths, and people moving out of a country - can impact a government's commitment to maintain services and infrastructure.","Current population estimates for developing countries that lack (i) reliable recent census data, and (ii) pre- and post-census estimates for countries with census data, are provided by the United Nations Population Division and other agencies. 



The cohort component method - a standard method for estimating and projecting population - requires fertility, mortality, and net migration data, often collected from sample surveys, which can be small or limited in coverage. Population estimates are from demographic modeling and so are susceptible to biases and errors from shortcomings in both the model and the data.



Because future trends cannot be known with certainty, population projections have a wide range of uncertainty.","Relevance to gender indicator: disaggregating the population composition by gender will help a country in projecting its demand for social services on a gender basis.","https://datacatalog.worldbank.org/public-licenses#cc-by",NA,NA,NA,NA,NA,NA,NA,NA,NA,NA,NA,NA,NA
"SI.POV.NAHC","CC BY-4.0","Poverty headcount ratio at national poverty lines (% of population)","National poverty headcount ratio is the percentage of the population living below the national poverty line(s). National estimates are based on population-weighted subgroup estimates from household surveys. For economies for which the data are from EU-SILC, the reported year is the income reference year, which is the year before the survey year.","World Bank, Poverty and Inequality Platform. Data are compiled from official government sources or are computed by World Bank staff using national (i.e. country–specific) poverty lines., World Bank (WB), note: Data are compiled from official government sources or are computed by World Bank staff using national (i.e. country–specific) poverty lines.","Poverty: Poverty rates","WB_WDI","%","Annual","1985-2024","Population-weighted average","Methodology: Poverty headcount ratio among the population is measured based on national (i.e. country-specific) poverty lines. A country may have a unique national poverty line or separate poverty lines for rural and urban areas, or for different geographic areas to reflect differences in the cost of living or sometimes to reflect differences in diets and consumption baskets.







Poverty estimates at national poverty lines are computed from household survey data collected from nationally representative samples of households. These data must contain sufficiently detailed information to compute a comprehensive estimate of total household income or consumption (including consumption or income from own production), from which it is possible to construct a correctly weighted distribution of per capita consumption or income. 







National poverty lines are the benchmark for estimating poverty indicators that are consistent with the country's specific economic and social circumstances. National poverty lines reflect local perceptions of the level and composition of consumption or income needed to be non-poor. The perceived boundary between poor and non-poor typically rises with the average income of a country and thus does not provide a uniform measure for comparing poverty rates across countries. While poverty rates at national poverty lines should not be used for comparing poverty rates across countries, they are appropriate for guiding and monitoring the results of country-specific national poverty reduction strategies. 







Almost all national poverty lines in developing economies are anchored to the cost of a food bundle - based on the prevailing national diet of the poor - that provides adequate nutrition for good health and normal activity, plus an allowance for nonfood spending. National poverty lines must be adjusted for inflation between survey years to remain constant in real terms and thus allow for meaningful comparisons of poverty over time. Because diets and consumption baskets change over time, countries periodically recalculate the poverty line based on new survey data. In such cases the new poverty lines should be deflated to obtain comparable poverty estimates from earlier years. 







This series only includes estimates that to the best of our knowledge are reasonably comparable over time for a country. For economies for which the data are from EU-SILC, the reported year is the income reference year, which is the year before the survey year. For all other economies, the year reported is the year in which the underlying household survey data were collected or, when the data collection period bridged two calendar years, the year in which data collection started.
Statistical concept(s): National poverty headcount ratio refers to the percentage of a population whose consumption or income per day falls short of the national poverty line. National poverty lines vary by country and over time. In low- and middle-income countries, national poverty lines tend to be absolute poverty lines, thus reflecting the estimated minimum amount of money needed to cover basic needs. In high-income countries, national poverty lines tend to be relative poverty lines, thus reflecting the typical amount of money needed for an individual to afford the typical standard of living and without any restraints to participating fully in the societies in which they live. National poverty lines tend to grow with economic growth, especially in high-income or upper-middle-income countries.","The poverty rate as defined by national poverty lines reflects the share of the population that fails to meet the standard a country thinks is necessary to cover basic needs (typically in low- and middle-income countries) or afford a decent lifestyle (typically in high-income countries). SDG 1.2 aims to reduce by half the proportion of men, women and children of all ages living in poverty in all its dimensions according to national definitions, by 2030.",NA,"This series only includes estimates that to the best of our knowledge are reasonably comparable over time for a country. Due to differences in estimation methodologies and poverty lines, estimates should not be compared across countries.","https://datacatalog.worldbank.org/public-licenses#cc-by",NA,NA,NA,NA,NA,NA,NA,NA,NA,NA,NA,NA,NA
"SI.POV.DDAY","CC BY-4.0","Poverty headcount ratio at $3.00 a day (2021 PPP) (% of population)","Poverty headcount ratio at $3.00 a day is the percentage of the population living on less than $3.00 a day at 2021 purchasing power adjusted prices. As a result of revisions in PPP exchange rates, poverty rates for individual countries cannot be compared with poverty rates reported in earlier editions.","World Bank, Poverty and Inequality Platform. Data are based on primary household survey data obtained from government statistical agencies and World Bank country departments. Data for high-income economies are mostly from the Luxembourg Income Study database. For more information and methodology, please see http://pip.worldbank.org., World Bank (WB), uri: http://pip.worldbank.org, note: Data are based on primary household survey data obtained from government statistical agencies and World Bank country departments. Data for high-income economies are mostly from the Luxembourg Income Study database.","Poverty: Poverty rates","WB_WDI","%","Annual","1963-2024","Population-weighted average","Methodology: International comparisons of poverty estimates entail both conceptual and practical problems. Countries have different definitions of poverty, and consistent comparisons across countries can be difficult. Local poverty lines tend to have higher purchasing power in rich countries, where more generous standards are used, than in poor countries.







Since World Development Report 1990, the World Bank has aimed to apply a common standard in measuring extreme poverty, anchored to what poverty means in the world's poorest countries. The welfare of people living in different countries can be measured on a common scale by adjusting for differences in the purchasing power of currencies. The commonly used $1 a day standard, measured in 1985 international prices and adjusted to local currency using purchasing power parities (PPPs), was chosen for World Development Report 1990 because it was typical of the poverty lines in low-income countries at the time. As differences in the cost of living across the world evolve, the international poverty line has to be periodically updated using new PPP price data to reflect these changes. The last change was in September 2022, when we adopted $3.00 as the international poverty line using the 2021 PPP. Poverty measures based on international poverty lines attempt to hold the real value of the poverty line constant across countries, as is done when making comparisons over time. The $4.20 poverty line is derived from typical national poverty lines in countries classified as Lower Middle Income. The $8.30 poverty line is derived from typical national poverty lines in countries classified as Upper Middle Income.







Early editions of World Development Indicators used PPPs from the Penn World Tables to convert values in local currency to equivalent purchasing power measured in U.S dollars. Later editions used 1993, 2005, and 2021 consumption PPP estimates produced by the World Bank. The current extreme poverty line is set at $3.00 a day in 2021 PPP terms, which represents the mean of the poverty lines found in 15 of the poorest countries ranked by per capita consumption. The new poverty line maintains the same standard for extreme poverty - the poverty line typical of the poorest countries in the world - but updates it using the latest information on the cost of living in developing countries. As a result of revisions in PPP exchange rates, poverty rates for individual countries cannot be compared with poverty rates reported in earlier editions.







The statistics reported here are based on consumption data or, when unavailable, on income surveys.
Statistical concept(s): Poverty headcount ratio at $3.00 a day refers to the percentage of a population whose consumption or income per day falls short of the international poverty line of $3.00 a day (adjusted for purchasing power parity differences across countries), the poverty line typical of low-income countries.","The World Bank Group is committed to reducing extreme poverty to 3 percent or less, globally, by 2030. The World Bank defines extreme poverty as living on less than $3.00 a day (adjusted for purchasing power differences across countries). The value of $3.00 is the typical poverty line of low-income countries, which is the minimum amount of money people in low-income countries need to cover their daily basic needs, including food, clothing, and shelter. The share of population living on less than $3.00 a day is the first indicator the World Bank tracks in its Bank’s expanded vision indicators to create a world free of poverty in a livable planet. It is also the indicator the UN tracks for SDG 1.1. Monitoring poverty is important on the global development agenda as well as on the national development agenda of many countries.","Despite progress in the last decade, the challenges of measuring poverty remain. The timeliness, frequency, quality, and comparability of household surveys need to increase substantially, particularly in the poorest countries. The availability and quality of poverty monitoring data remains low in small states, countries with fragile situations, and low-income countries and even some middle-income countries. The low frequency and lack of comparability of the data available in some countries create uncertainty over the magnitude of poverty reduction. 







Besides the frequency and timeliness of survey data, other data quality issues arise in measuring household living standards. The surveys ask detailed questions on sources of income and how it was spent, which must be carefully recorded by trained personnel. Income is generally more difficult to measure accurately, and consumption comes closer to the notion of living standards. And income can vary over time even if living standards do not. But consumption data are not always available: the latest estimates reported here use consumption data for about two-thirds of countries.







However, even similar surveys may not be strictly comparable because of differences in timing or in the quality and training of enumerators. Comparisons of countries at different levels of development also pose a potential problem because of differences in the relative importance of the consumption of nonmarket goods. The local market value of all consumption in kind (including own production, particularly important in underdeveloped rural economies) should be included in total consumption expenditure but may not be. Most survey data now include valuations for consumption or income from own production, but valuation methods vary.","The World Bank’s internationally comparable poverty monitoring database now draws on income or detailed consumption data from more than 2000 household surveys across 169 countries. See the Poverty and Inequality Platform (PIP) for details (www.pip.worldbank.org).","https://datacatalog.worldbank.org/public-licenses#cc-by",NA,NA,NA,NA,NA,NA,NA,NA,NA,NA,NA,NA,NA
"SP.DYN.TFRT.IN","CC BY-4.0","Fertility rate, total (births per woman)","Total fertility rate represents the number of children that would be born to a woman if she were to live to the end of her childbearing years and bear children in accordance with age-specific fertility rates of the specified year.","World Population Prospects, United Nations (UN), publisher: UN Population Division;
Statistical databases and publications from national statistical offices, National statistical offices;
Demographic Statistics, Eurostat (ESTAT)","Health: Reproductive health","WB_WDI","Births per woman","Annual","1960-2023","Weighted average","Methodology: Total fertility rate is the sum of the age-specific fertility rates (multiplied by five, if the age-specific fertility rates are for 5-year age groups).
Statistical concept(s): Total fertility rates are based on data on registered live births from vital registration systems or, in the absence of such systems, from censuses or sample surveys. The estimated rates are generally considered reliable measures of fertility in the recent past. Where no empirical information on age-specific fertility rates is available, a model is used to estimate the share of births to adolescents. For countries without reliable vital registration systems fertility rates are generally based on extrapolations from trends observed in censuses or surveys from earlier years.","Reproductive health is a state of physical and mental well-being in relation to the reproductive system and its functions and processes. Means of achieving reproductive health include education and services during pregnancy and childbirth, safe and effective contraception, and prevention and treatment of sexually transmitted diseases. Complications of pregnancy and childbirth are the leading cause of death and disability among women of reproductive age in developing countries.","Annual data series from United Nations Population Division's World Population Prospects are interpolated data from 5-year period data. Therefore they may not reflect real events as much as observed data.","Relevance to gender indicator: it can indicate the status of women within households and a woman’s decision about the number and spacing of children.","https://datacatalog.worldbank.org/public-licenses#cc-by",NA,NA,NA,NA,NA,NA,NA,NA,NA,NA,NA,NA,NA
"SP.DYN.CONU.ZS","CC BY-4.0","Contraceptive prevalence, any method (% of married women ages 15-49)","Contraceptive prevalence, any method is the percentage of married women ages 15-49 who are practicing, or whose sexual partners are practicing, any method of contraception (modern or traditional). Modern methods of contraception include female and male sterilization, oral hormonal pills, the intra-uterine device (IUD), the male condom, injectables, the implant (including Norplant), vaginal barrier methods, the female condom and emergency contraception. Traditional methods of contraception include rhythm (e.g., fertility awareness based methods, periodic abstinence), withdrawal and other traditional methods.","Household surveys, United Nations (UN), note: Household surveys, including Demographic and Health Surveys and Multiple Indicator Cluster Surveys. Largely compiled by United Nations Population Division., publisher: UN Population Division","Health: Reproductive health","WB_WDI",NA,"Annual","1961-2024","Weighted average","Methodology: Contraceptive prevalence rates are obtained mainly from nationally representative household surveys, including: Demographic and Health Surveys; Multiple Indicator Cluster Surveys; Contraceptive Prevalence Surveys; Gender and Generations Survey; Reproductive Health Surveys; and World Fertility Surveys.  Additional information was provided by other international survey programs and national surveys.  



Married women refer to women who are married (defined in relation to the marriage laws or customs of a country) and to women in a union, which refers to women living with their partner in the same household (also referred to as cohabiting unions, consensual unions, unmarried unions, or “living together”).","Contraceptive prevalence among women of reproductive age is related to maternal and child health, as well as gender equality and HIV/AIDS.   Contraceptives enable women and men to make informed decisions on family planning – whether, when, and how many children they would have. 



Preventing unwanted pregnancies is essential to reducing maternal deaths, especially in low- and middle- income countries where maternal mortality rate is high.  With effective contraception, life-threatening pregnancy complications can be reduced, and thus maternal deaths can be averted.  



Using condoms (one of the modern contraceptive methods) can prevent pregnancy as well as sexually transmitted diseases, including HIV.","While the data availability on contraceptive use has increased, in many countries the contraceptive use data are available only for married women. 



The time frame used to assess contraceptive prevalence may vary. In many surveys, it is left to the respondent to determine what is meant by “currently using” a method of contraception.",NA,"https://datacatalog.worldbank.org/public-licenses#cc-by",NA,NA,NA,NA,NA,NA,NA,NA,NA,NA,NA,NA,NA
"SH.STA.BRTC.ZS","CC BY-4.0","Births attended by skilled health staff (% of total)","Births attended by skilled health staff are the percentage of deliveries attended by personnel trained to give the necessary supervision, care, and advice to women during pregnancy, labor, and the postpartum period; to conduct deliveries on their own; and to care for newborns.","State of the World's Children, UN Children's Fund (UNICEF);
Childinfo, UN Children's Fund (UNICEF);
Demographic and Health Surveys, DHS Program (ICF)","Health: Reproductive health","WB_WDI","Percent of live births","Annual","1980-2022","Weighted average","Methodology: National-level household surveys are the primary sources for collecting data on skilled health personnel providing childbirth care. These surveys include Demographic and Health Surveys (DHS), Multiple Indicator Cluster Surveys (MICS), Reproductive Health Surveys (RHS), and other national surveys based on similar methodologies. Respondents in these surveys are asked about their last live birth and who assisted during delivery, covering a period of up to five years before the interview.


As part of the data harmonization process and interaction with countries, UNICEF conducts an annual country consultation. During this consultation, SDG country focal points are contacted to update and verify values included in the database and to obtain new data sources. These new data sources are reviewed and assessed jointly with WHO. Additionally, the national categories or occupational titles of skilled health personnel are verified. The reported data for some countries may include additional categories of trained personnel beyond doctors, nurses, and midwives.","Reproductive health is a state of physical and mental well-being in relation to the reproductive system and its functions and processes. Means of achieving reproductive health include education and services during pregnancy and childbirth, safe and effective contraception, and prevention and treatment of sexually transmitted diseases. Complications of pregnancy and childbirth are the leading cause of death and disability among women of reproductive age in developing countries.





The share of births attended by skilled health staff is an indicator of a health system's ability to provide adequate care for pregnant women.","For the indicators that are from household surveys, the year refers to the survey year. For more information, consult the original sources.","Assistance by trained professionals during birth reduces the incidence of maternal deaths during childbirth. The share of births attended by skilled health staff is an indicator of a health system’s ability to provide adequate care for pregnant women.",NA,NA,NA,NA,NA,NA,NA,NA,NA,NA,NA,NA,NA,NA
"This is the Sustainable Development Goal indicator 3.1.2[https://unstats.un.org/sdgs/metadata/].","https://datacatalog.worldbank.org/public-licenses#cc-by",NA,NA,NA,NA,NA,NA,NA,NA,NA,NA,NA,NA,NA,NA,NA,NA,NA,NA,NA,NA,NA,NA,NA,NA,NA,NA,NA
"SH.DYN.MORT","CC BY-4.0","Mortality rate, under-5 (per 1,000 live births)","Under-five mortality rate is the probability per 1,000 that a newborn baby will die before reaching age five, if subject to age-specific mortality rates of the specified year.","UN Inter-agency Group for Child Mortality Estimation, UN Children's Fund (UNICEF), uri: www.childmortality.org, publisher: UNICEF, WHO, World Bank, United Nations Population Division;
World Health Organization (WHO), uri: www.childmortality.org, note: UN Inter-agency Group for Child Mortality Estimation;
World Bank (WB), uri: www.childmortality.org, note: UN Inter-agency Group for Child Mortality Estimation;
United Nations (UN), uri: www.childmortality.org, note: UN Inter-agency Group for Child Mortality Estimation, publisher: UN Population Division","Health: Mortality","WB_WDI","Per 1000 live births","Annual","1960-2023","Weighted average","Methodology: Estimates of neonatal, infant, and child mortality tend to vary by source and method for a given time and place. Years for available estimates also vary by country, making comparisons across countries and over time difficult. To make neonatal, infant, and child mortality estimates comparable and to ensure consistency across estimates by different agencies, the United Nations Inter-agency Group for Child Mortality Estimation (UN IGME), which comprises the United Nations Children's Fund (UNICEF), the World Health Organization (WHO), the World Bank, the United Nations Population Division, and other universities and research institutes, developed and adopted a statistical method that uses all available information to reconcile differences. The method uses statistical models to obtain a best estimate trend line by fitting a country-specific regression model of mortality rates against their reference dates.
Statistical concept(s): The main sources of mortality data are vital registration systems and direct or indirect estimates based on sample surveys or censuses. A complete vital registration system - covering at least 90 percent of vital events in the population - is the best source of age-specific mortality data.","Mortality rates for different age groups (infants, children, and adults) and overall mortality indicators (life expectancy at birth or survival to a given age) are important indicators of health status in a country. Because data on the incidence and prevalence of diseases are frequently unavailable, mortality rates are often used to identify vulnerable populations. And they are among the indicators most frequently used to compare socioeconomic development across countries.","Complete vital registration systems are fairly uncommon in developing countries. Thus estimates must be obtained from sample surveys or derived by applying indirect estimation techniques to registration, census, or survey data. Survey data are subject to recall error, and surveys estimating infant/child deaths require large samples because households in which a birth has occurred during a given year cannot ordinarily be preselected for sampling. Indirect estimates rely on model life tables that may be inappropriate for the population concerned. Extrapolations based on outdated surveys may not be reliable for monitoring changes in health status or for comparative analytical work.","Given that data on the incidence and prevalence of diseases are frequently unavailable, mortality rates are often used to identify vulnerable populations. Moreover, they are among the indicators most frequently used to compare socioeconomic development across countries. Under-five mortality rates are higher for boys than for girls in countries in which parental gender preferences are insignificant. Under-five mortality captures the effect of gender discrimination better than infant mortality does, as malnutrition and medical interventions have more significant impacts to this age group. Where female under-five mortality is higher, girls are likely to have less access to resources than boys.

Aggregate data for LIC, UMC, LMC, HIC are computed based on the groupings for the World Bank fiscal year in which the data was released by the UN Inter-agency Group for Child Mortality Estimation.

This is the Sustainable Development Goal indicator 3.2.1[https://unstats.un.org/sdgs/metadata/].","https://datacatalog.worldbank.org/public-licenses#cc-by",NA,NA,NA,NA,NA,NA,NA,NA,NA,NA,NA,NA,NA
"SE.PRM.CMPT.ZS","CC BY-4.0","Primary completion rate, total (% of relevant age group)","Primary completion rate, or gross intake ratio to the last grade of primary education, is the number of new entrants (enrollments minus repeaters) in the last grade of primary education, regardless of age, divided by the population at the entrance age for the last grade of primary education. Data limitations preclude adjusting for students who drop out during the final year of primary education.","Data API, UN Educational, Scientific and Cultural Organization (UNESCO), uri: https://databrowser.uis.unesco.org/resources, note: The data are obtained through the UIS API.  Detailed documentation is available at: https://api.uis.unesco.org/api/public/documentation/, publisher: UNESCO Institute for Statistics (UIS), type: Bulk file (csv), date accessed: 2025-09-22, date published: 2025-09","Education: Outcomes","WB_WDI","% of relevant age group","Annual","1970-2024","Weighted average","Methodology: Primary completion rate is calculated by dividing the number of new entrants (enrollment minus repeaters) in the last grade of primary education, regardless of age, by the population at the entrance age for the last grade of primary education and multiplying by 100. 



















Data on education are collected by the UNESCO Institute for Statistics from official responses to its annual education survey. All the data are mapped to the International Standard Classification of Education (ISCED) to ensure the comparability of education programs at the international level. The current version was formally adopted by UNESCO Member States in 2011. Population data are drawn from the United Nations Population Division. Using a single source for population data standardizes definitions, estimations, and interpolation methods, ensuring a consistent methodology across countries and minimizing potential enumeration problems in national censuses.



















The reference years reflect the school year for which the data are presented. In some countries the school year spans two calendar years (for example, from September 2010 to June 2011); in these cases the reference year refers to the year in which the school year ended (2011 in the example).
Statistical concept(s): The indicator represents the influence of policies regarding entry and progress through the initial stages of primary or lower secondary education on the completion of the terminal grade at the respective level. The presumption is that students who enroll in the final grade for the first time will successfully finish that grade, thereby completing the designated level of education.","Primary education lays the groundwork for acquiring essential literacy and numeracy skills, setting the stage for a robust learning journey and fostering overall personal and social growth.  SDG target 4.1 aims to ensure that all children complete free, equitable, and quality primary education.  This indicator holds significant relevance for policy-makers dedicated to enhancing children's educational access and engagement. It gauges the capacity of the education system to support a group of students from their expected entry age to the completion of all grades of primary education.","The data do not account for students who drop out during the final year of primary education. Therefore, this rate serves as a proxy and should be considered an upper estimate of the actual primary completion rate.







 











There are many reasons why the primary completion rate can exceed 100 percent. The numerator may include late entrants and overage children who have repeated one or more grades of primary education as well as children who entered school early, while the denominator is the number of children at the entrance age for the last grade of primary education.",NA,"https://datacatalog.worldbank.org/public-licenses#cc-by",NA,NA,NA,NA,NA,NA,NA,NA,NA,NA,NA,NA,NA
"SE.PRM.ENRR","CC BY-4.0","School enrollment, primary (% gross)","Gross enrollment ratio is the ratio of total enrollment, regardless of age, to the population of the age group that officially corresponds to the level of education shown. Primary education provides children with basic reading, writing, and mathematics skills along with an elementary understanding of such subjects as history, geography, natural science, social science, art, and music.","Data API, UN Educational, Scientific and Cultural Organization (UNESCO), uri: https://databrowser.uis.unesco.org/resources, note: The data are obtained through the UIS API.  Detailed documentation is available at: https://api.uis.unesco.org/api/public/documentation/, publisher: UNESCO Institute for Statistics (UIS), type: Bulk file (csv), date accessed: 2025-09-22, date published: 2025-09","Education: Participation","WB_WDI","% of population in the 5-year age group immediately following preprimary education","Annual","1970-2024","Weighted average","Methodology: Gross enrollment ratio for primary school is calculated by dividing the number of students enrolled in primary education regardless of age by the population of the age group which officially corresponds to primary education, and multiplying by 100. 

















Data on education are collected by the UNESCO Institute for Statistics from official responses to its annual education survey. All the data are mapped to the International Standard Classification of Education (ISCED) to ensure the comparability of education programs at the international level. The current version was formally adopted by UNESCO Member States in 2011. Population data are drawn from the United Nations Population Division. Using a single source for population data standardizes definitions, estimations, and interpolation methods, ensuring a consistent methodology across countries and minimizing potential enumeration problems in national censuses.

















The reference years reflect the school year for which the data are presented. In some countries the school year spans two calendar years (for example, from September 2010 to June 2011); in these cases the reference year refers to the year in which the school year ended (2011 in the example).
Statistical concept(s): Gross enrollment ratios indicate the capacity of each level of the education system, but a high ratio may reflect a substantial number of overage children enrolled in each grade because of repetition or late entry rather than a successful education system.","Primary education is fundamental to future educational success and opens pathways for continued advancement. This indicator measures the overall rate of participation in primary education, signifying the education system's ability to enroll students within a specific age cohort.","Enrollment indicators are based on annual school surveys, but do not necessarily reflect actual attendance or dropout rates during the year. Also, the length of education differs across countries and can influence enrollment rates, although the International Standard Classification of Education (ISCED) tries to minimize the difference. For example, a shorter duration for primary education tends to increase the rate; a longer one to decrease it (in part because older children are more at risk of dropping out). Moreover, age at enrollment may be inaccurately estimated or misstated, especially in communities where registration of births is not strictly enforced.",NA,"https://datacatalog.worldbank.org/public-licenses#cc-by",NA,NA,NA,NA,NA,NA,NA,NA,NA,NA,NA,NA,NA
"NY.GDP.MKTP.CD","CC BY-4.0","GDP (current US$)","Gross domestic product is the total income earned through the production of goods and services in an economic territory during an accounting period. It can be measured in three different ways: using either the expenditure approach, the income approach, or the production approach. This indicator is expressed in current prices, meaning no adjustment has been made to account for price changes over time. This indicator is expressed in United States dollars.","Country official statistics, National Statistical Organizations and/or Central Banks;
National Accounts data files, Organisation for Economic Co-operation and Development (OECD);
Staff estimates, World Bank (WB)","Economic Policy & Debt: National accounts: US$ at current prices: Aggregate indicators","WB_WDI","current US$","Annual","1960-2024","Gap-filled total","Methodology: National accounts are compiled in accordance with international standards: System of National Accounts, 2008 or 1993 versions. Specific information on how countries compile their national accounts can be found on the IMF website: https://dsbb.imf.org/
Statistical concept(s): The conceptual elements of the SNA (System of National Accounts) measure what takes place in the economy, between which agents, and for what purpose. At the heart of the SNA is the production of goods and services. These may be used for consumption in the period to which the accounts relate or may be accumulated for use in a later period. In simple terms, the amount of value added generated by production represents GDP. The income corresponding to GDP is distributed to the various agents or groups of agents as income and it is the process of distributing and redistributing income that allows one agent to consume the goods and services produced by another agent or to acquire goods and services for later consumption. The way in which the SNA captures this pattern of economic flows is to identify the activities concerned by recognizing the institutional units in the economy and by specifying the structure of accounts capturing the transactions relevant to one stage or another of the process by which goods and services are produced and ultimately consumed.","This indicator is related to the national accounts, which are critical for understanding and managing a country's economy. They provide a framework for the analysis of economic performance. National accounts are the basis for estimating the Gross Domestic Product (GDP) and Gross National Income (GNI), which are the most widely used indicator of economic performance. They are essential for government policymakers, providing the data needed to design and assess fiscal and monetary policies; and are also used by businesses and investors to assess the economic climate and make investment decisions. NAS enable comparison between economies, which is crucial for international trade, investment decisions, and economic competitiveness. More specifically, this indicator is related to national accounts aggregates. Gross Domestic Product (GDP), Gross National Income (GNI), and other aggregates provide a snapshot of the size and health of an economy by measuring the total economic activity within a country. They can thus be used by policymakers to design and implement economic policies, as they reflect the overall economic performance and can indicate the need for intervention in certain areas. Aggregates also allow for comparisons between different economies, which can be useful for trade negotiations, investment decisions, and economic benchmarking. By examining aggregates over time, economists and analysts can identify trends, cycles, and potential areas of concern within an economy, and investors can use national accounts aggregates to assess the potential risks and returns of investing in a particular country. Overall, national accounts aggregates are fundamental tools for economic analysis, policy formulation, and decision-making at both the national and international levels.","Gross domestic product (GDP), though widely tracked, may not always be the most relevant summary of aggregated economic performance for all economies, especially when production occurs at the expense of consuming capital stock.





While GDP estimates based on the production approach are generally more reliable than estimates compiled from the income or expenditure side, different countries use different definitions, methods, and reporting standards. World Bank staff review the quality of national accounts data and sometimes make adjustments to improve consistency with international guidelines. Nevertheless, significant discrepancies remain between international standards and actual practice. Many statistical offices, especially those in developing countries, face severe limitations in the resources, time, training, and budgets required to produce reliable and comprehensive series of national accounts statistics.





Among the difficulties faced by compilers of national accounts is the extent of unreported economic activity in the informal or secondary economy. In developing countries a large share of agricultural output is either not exchanged (because it is consumed within the household) or not exchanged for money.",NA,"https://datacatalog.worldbank.org/public-licenses#cc-by",NA,NA,NA,NA,NA,NA,NA,NA,NA,NA,NA,NA,NA
"SH.STA.MMRT","CC BY-4.0","Maternal mortality ratio (modeled estimate, per 100,000 live births)","Maternal mortality ratio is the number of women who die from pregnancy-related causes while pregnant or within 42 days of pregnancy termination per 100,000 live births. The data are estimated with a regression model using information on the proportion of maternal deaths among non-AIDS deaths in women ages 15-49, fertility, birth attendants, and GDP measured using purchasing power parities (PPPs).","Trends in Maternal Mortality, World Health Organization (WHO), uri: https://www.who.int/news/item/23-02-2023-a-woman-dies-every-two-minutes-due-to-pregnancy-or-childbirth--un-agencies;
UN Children's Fund (UNICEF), note: Trends in Maternal Mortality;
UN Population Fund (UNFPA), note: Trends in Maternal Mortality;
World Bank Group (WBG), note: Trends in Maternal Mortality","Health: Reproductive health","WB_WDI","Per 100,000 live births","Annual","1985-2023","Weighted average","Methodology: The estimates are based on an exercise by the Maternal Mortality Estimation Inter-Agency Group (MMEIG) which consists of World Health Organization (WHO), United Nations Children's Fund (UNICEF), World Bank, and United Nations Population Fund (UNFPA), and include country-level time series data. For countries without complete registration data but with other types of data and for countries with no data, maternal mortality is estimated with a regression model using available national maternal mortality data and socioeconomic information.
Statistical concept(s): Reproductive health is a state of physical and mental well-being in relation to the reproductive system and its functions and processes. Means of achieving reproductive health include education and services during pregnancy and childbirth, safe and effective contraception, and prevention and treatment of sexually transmitted diseases. Complications of pregnancy and childbirth are the leading cause of death and disability among women of reproductive age in developing countries.



Maternal mortality is generally of unknown reliability, as are many other cause-specific mortality indicators. Household surveys such as Demographic and Health Surveys attempt to measure maternal mortality by asking respondents about survivorship of sisters. The main disadvantage of this method is that the estimates of maternal mortality that it produces pertain to any time within the past few years before the survey, making them unsuitable for monitoring recent changes or observing the impact of interventions. In addition, measurement of maternal mortality is subject to many types of errors. Even in high-income countries with reliable vital registration systems, misclassification of maternal deaths has been found to lead to serious underestimation.","Childbirth should be a time of life, not death. And yet, many women die due to complications of pregnancy and childbirth. Nearly every death is in low- and middle-income countries, and nearly every death is preventable where the clinical knowledge and technology required to prevent them have existed. However these solutions are often not available, not accessible or not implemented, especially in low-resource settings and/or subpopulations at greater risk due to social determinants.","The methodology differs from that used for previous estimates, so data should not be compared historically. Maternal mortality ratios are generally of unknown reliability, as are many other cause-specific mortality indicators. The ratios cannot be assumed to provide an exact estimate of maternal mortality.","This indicator represents the risk associated with each pregnancy and is also a Sustainable Development Goal Indicator (3.1.1) for monitoring maternal health.","https://datacatalog.worldbank.org/public-licenses#cc-by",NA,NA,NA,NA,NA,NA,NA,NA,NA,NA,NA,NA,NA
"SH.STA.MMRT.NE","CC BY-4.0","Maternal mortality ratio (national estimate, per 100,000 live births)","Maternal mortality ratio is the number of women who die from pregnancy-related causes while pregnant or within 42 days of pregnancy termination per 100,000 live births.","Maternal Mortality Estimation Inter-Agency Group (MMEIG), World Health Organization (WHO), note: The country data compiled, adjusted and used in the estimation model by the Maternal Mortality Estimation Inter-Agency Group (MMEIG). The country data were compiled from the following sources:  civil registration and vital statistics; specialized studies on maternal mortality; population based surveys and censuses; other available data sources including data from surveillance sites.;
UN Children's Fund (UNICEF), note: Maternal Mortality Estimation Inter-Agency Group (MMEIG);
UN Population Fund (UNFPA), note: Maternal Mortality Estimation Inter-Agency Group (MMEIG);
World Bank Group (WBG), note: Maternal Mortality Estimation Inter-Agency Group (MMEIG);
United Nations (UN), note: Maternal Mortality Estimation Inter-Agency Group (MMEIG);
PAHO, note: Core Indicators Portal;
ICF, note: The DHS Program, Demographic and Health Surveys","Health: Reproductive health","WB_WDI",NA,"Annual","1985-2023",NA,"Methodology: The national estimates of maternal mortality ratios are based on national surveys, vital registration records, and surveillance data or are derived from community and hospital records.
Statistical concept(s): Reproductive health is a state of physical and mental well-being in relation to the reproductive system and its functions and processes. Means of achieving reproductive health include education and services during pregnancy and childbirth, safe and effective contraception, and prevention and treatment of sexually transmitted diseases. Complications of pregnancy and childbirth are the leading cause of death and disability among women of reproductive age in developing countries. Maternal mortality ratios are generally of unknown reliability, as are many other cause-specific mortality indicators. Household surveys such as Demographic and Health Surveys attempt to measure maternal mortality by asking respondents about survivorship of sisters. The main disadvantage of this method is that the estimates of maternal mortality that it produces pertain to any time within the past few years before the survey, making them unsuitable for monitoring recent changes or observing the impact of interventions. In addition, measurement of maternal mortality is subject to many types of errors. Even in high-income countries with reliable vital registration systems, misclassification of maternal deaths has been found to lead to serious underestimation.","Childbirth should be a time of life, not death. And yet, many women die due to complications of pregnancy and childbirth. Nearly every death is in low- and middle-income countries, and nearly every death is preventable where the clinical knowledge and technology required to prevent them have existed. However these solutions are often not available, not accessible or not implemented, especially in low-resource settings and/or subpopulations at greater risk due to social determinants.","Maternal mortality ratios are generally of unknown reliability, as are many other cause-specific mortality indicators. The ratios cannot be assumed to provide an exact estimate of maternal mortality.

Maternal mortality ratios collected directly from Demographic and Health Surveys are presented in the survey year, but reference time of these maternal mortality ratios is for the seven years preceding the survey.",NA,"https://datacatalog.worldbank.org/public-licenses#cc-by",NA,NA,NA,NA,NA,NA,NA,NA,NA,NA,NA,NA,NA
"SG.DMK.ALLD.FN.ZS","CC BY-4.0","Women participating in the three decisions (own health care, major household purchases, and visiting family) (% of women age 15-49)","Women participating in the three decisions (own health care, major household purchases, and visiting family) is the percentage of currently married women aged 15-49 who say that they alone or jointly have the final say in all of the three decisions (own health care, large purchases and visits to family, relatives, and friends).","Demographic and Health Surveys (DHS), DHS Program (ICF), uri: https://api.dhsprogram.com/#/index.html, note: Indicator code from the original source: WE_DMAK_W_3DC; 	Indicator name from the original source: Final say in all of the decisions [Women], publisher: The DHS program (ICF), type: API, date accessed: 2023-08-18","Gender: Public life & decision making","WB_WDI","% of women ages 15-49","Annual","1999-2023",NA,"Methodology: Women participating in the three decisions (own health care, major household purchases, and visiting family) is the number of currently married women aged 15-49 who say they alone or jointly have the final say in the three decisions, expressed as percentage of currently married women age 15-49 who have been interviewed and It’s derived by dividing the number of currently married women aged 15-49 who responded they alone or jointly have the final say in the three decisions by total number of currently married women age 15-49 who have been interviewed.
Statistical concept(s): This indicator assesses the level of women's participation in household decision-making. It emphasizes the importance of decisions regarding their own health care, which are deemed essential to women's self-interest. The indicator also evaluates women's involvement in making substantial economic decisions, such as those related to significant purchases, to gauge their economic decision-making power within the household. Additionally, it measures women's autonomy in deciding on visits to family or friends, which can indicate their freedom of movement and the ability to engage with their birth family.","Women‘s participation in decisions being made in their own households, that is households in which they usually live with their spouse and/or children with or without others, is widely accepted as a universal indicator of women‘s empowerment. The ability of women to make decisions that affect their personal circumstances is an essential element of their empowerment and serves as an important contributor to their overall development.",NA,NA,"https://datacatalog.worldbank.org/public-licenses#cc-by",NA,NA,NA,NA,NA,NA,NA,NA,NA,NA,NA,NA,NA
"SG.DMK.SRCR.FN.ZS","CC BY-4.0","Women making their own informed decisions regarding sexual relations, contraceptive use and reproductive health care  (% of women age 15-49)","Proportion of women ages 15-49 years (married or in union) who make their own decision on all three selected areas i.e. can say no to sexual intercourse with their husband or partner if they do not want; decide on use of contraception; and decide on their own health care. Only women who provide a “yes” answer to all three components are considered as women who “make her own decisions regarding sexual and reproductive”.","Demographic and Health Surveys compiled by United Nations Population Fund, United Nations (UN), uri: https://unstats.un.org/sdgs/UNSDGAPIV5/swagger/index.html, note: Indicator code from the original source: SH_FPL_INFM; 	Indicator name from the original source: Proportion of women aged 15–49 years who make their own informed decisions regarding sexual relations, contraceptive use and reproductive health care, publisher: UN Statistics Division, type: API","Gender: Public life & decision making","WB_WDI","% of women ages 15-49","Annual","2006-2022",NA,"Methodology: Numerator of the indicator is number of married or in union women ages 15-49 who have been interviewed and satisfy all three empowerment criteria: 1)who can say 'no' to sex; and 2)for whom the decision on contraception is not mainly made by the husband/partner; and 3) for whom decision on health care for themselves ins not usually made by the husband/partner or someone else.  Denominator of the indicator is the total number of women ages 15-49 who are married or in union and who have been interviewed.  













The data for this indicator are primarily sourced from nationally representative Demographic and Health Surveys (DHS).
Statistical concept(s): A woman is deemed to possess autonomy in reproductive health decision-making and to be empowered to assert her reproductive rights when she has the ability to: (1) make decisions regarding her own health care, independently or in conjunction with her husband or partner, (2) determine the use or non-use of contraception, on her own or together with her husband or partner, and (3) refuse sexual relations with her husband or partner if she chooses.","Women‘s participation in decisions being made in their own households, that is households in which they usually live with their spouse and/or children with or without others, is widely accepted as a universal indicator of women‘s empowerment. The ability of women to make decisions that affect their personal circumstances is an essential element of their empowerment and serves as an important contributor to their overall development.","Current estimates of the indicator are based on currently married or in union women of reproductive age (15-49 years old) who are using any type of contraception.  In the current Demographic and Health Surveys (DHS),  the question on decision-making on use of contraception is only asked to women who are currently using contraception. Because the questions on decision- making on sexual relations and health care are restricted to women (15-49) currently married or in union, the denominator for Indicator 5.6.1 is women 15-49, who are currently married or in union and currently using contraception.  However, agreement has been reached with Macro/ICF for upcoming DHS surveys to ask the question on decision on use of contraception to all married/ in union women aged 15-49 years, whether they are currently using any contraception or not. The DHS model questionnaire for Phase 7 already includes the question on decision-making for women who are not currently using any contraception.","This is the Sustainable Development Goal indicator 5.6.1[https://unstats.un.org/sdgs/metadata/].","https://datacatalog.worldbank.org/public-licenses#cc-by",NA,NA,NA,NA,NA,NA,NA,NA,NA,NA,NA,NA,NA
"SP.UWT.TFRT","CC BY-4.0","Unmet need for contraception (% of married women ages 15-49)","Unmet need for contraception is the percentage of fertile, married women of reproductive age who do not want to become pregnant and are not using contraception.","Household surveys, United Nations (UN), note: Household surveys, including Demographic and Health Surveys and Multiple Indicator Cluster Surveys. Largely compiled by United Nations Population Division., publisher: UN Population Division","Health: Reproductive health","WB_WDI",NA,"Annual","1984-2024","Weighted average","Methodology: Reproductive health is a state of physical and mental well-being in relation to the reproductive system and its functions and processes. Means of achieving reproductive health include education and services during pregnancy and childbirth, safe and effective contraception, and prevention and treatment of sexually transmitted diseases. Complications of pregnancy and childbirth are the leading cause of death and disability among women of reproductive age in developing countries.



Many couples in developing countries want to limit or postpone childbearing but are not using effective contraception. These couples have an unmet need for contraception. Common reasons are lack of knowledge about contraceptive methods and concerns about possible side effects. This indicator excludes women not exposed to the risk of unintended pregnancy because of menopause, infertility, or postpartum anovulation.",NA,NA,"Unmet need for contraception measures the capacity women have in achieving their desired family size and birth spacing. Many couples in developing countries want to limit or postpone childbearing but are not using effective contraception. These couples have an unmet need for contraception. Common reasons are lack of knowledge about contraceptive methods and concerns about possible side effects.","https://datacatalog.worldbank.org/public-licenses#cc-by",NA,NA,NA,NA,NA,NA,NA,NA,NA,NA,NA,NA,NA
"NY.GDP.PCAP.CD","CC BY-4.0","GDP per capita (current US$)","Gross domestic product is the total income earned through the production of goods and services in an economic territory during an accounting period. It can be measured in three different ways: using either the expenditure approach, the income approach, or the production approach. The core indicator has been divided by the general population to achieve a per capita estimate.This indicator is expressed in current prices, meaning no adjustment has been made to account for price changes over time. This indicator is expressed in United States dollars.","Country official statistics, National Statistical Organizations and/or Central Banks;
National Accounts data files, Organisation for Economic Co-operation and Development (OECD);
Staff estimates, World Bank (WB)","Economic Policy & Debt: National accounts: US$ at current prices: Aggregate indicators","WB_WDI","current US$","Annual","1960-2024","Weighted average","Methodology: National accounts are compiled in accordance with international standards: System of National Accounts, 2008 or 1993 versions. Specific information on how countries compile their national accounts can be found on the IMF website: https://dsbb.imf.org/ Per capita estimates are divided by the total population.
Statistical concept(s): The conceptual elements of the SNA (System of National Accounts) measure what takes place in the economy, between which agents, and for what purpose. At the heart of the SNA is the production of goods and services. These may be used for consumption in the period to which the accounts relate or may be accumulated for use in a later period. In simple terms, the amount of value added generated by production represents GDP. The income corresponding to GDP is distributed to the various agents or groups of agents as income and it is the process of distributing and redistributing income that allows one agent to consume the goods and services produced by another agent or to acquire goods and services for later consumption. The way in which the SNA captures this pattern of economic flows is to identify the activities concerned by recognizing the institutional units in the economy and by specifying the structure of accounts capturing the transactions relevant to one stage or another of the process by which goods and services are produced and ultimately consumed.","This indicator is related to the national accounts, which are critical for understanding and managing a country's economy. They provide a framework for the analysis of economic performance. National accounts are the basis for estimating the Gross Domestic Product (GDP) and Gross National Income (GNI), which are the most widely used indicator of economic performance. They are essential for government policymakers, providing the data needed to design and assess fiscal and monetary policies; and are also used by businesses and investors to assess the economic climate and make investment decisions. NAS enable comparison between economies, which is crucial for international trade, investment decisions, and economic competitiveness. More specifically, this indicator is related to national accounts aggregates. Gross Domestic Product (GDP), Gross National Income (GNI), and other aggregates provide a snapshot of the size and health of an economy by measuring the total economic activity within a country. They can thus be used by policymakers to design and implement economic policies, as they reflect the overall economic performance and can indicate the need for intervention in certain areas. Aggregates also allow for comparisons between different economies, which can be useful for trade negotiations, investment decisions, and economic benchmarking. By examining aggregates over time, economists and analysts can identify trends, cycles, and potential areas of concern within an economy, and investors can use national accounts aggregates to assess the potential risks and returns of investing in a particular country. Overall, national accounts aggregates are fundamental tools for economic analysis, policy formulation, and decision-making at both the national and international levels.",NA,NA,"https://datacatalog.worldbank.org/public-licenses#cc-by",NA,NA,NA,NA,NA,NA,NA,NA,NA,NA,NA,NA,NA
"SH.XPD.CHEX.PC.CD","CC BY-4.0","Current health expenditure per capita (current US$)","Current expenditures on health per capita in current US dollars. Estimates of current health expenditures include healthcare goods and services consumed during each year.","Global Health Expenditure Database, updated December 12th, 2025, World Health Organization (WHO), uri: https://apps.who.int/nha/database","Health: Health systems","WB_WDI","current US$","Annual","2000-2024","Weighted average","Methodology: The Health SHA 2011 tracks all health spending in a given country over a defined period of time regardless of the entity or institution that financed and managed that spending. It generates consistent and comprehensive data on health spending in a country, which in turn can contribute to evidence-based policy-making.

Statistical concept(s): The health expenditure estimates have been prepared by the World Health Organization under the framework of the System of Health Accounts 2011 (SHA 2011).","Strengthening health financing is one objective of Sustainable Development Goal 3 (SDG target 3.c).  The levels and trends of health expenditure data identify key issues such as weaknesses and strengths and areas that need investment, for instance additional health facilities, better health information systems, or better trained human resources.  Health financing is also critical for reaching universal health coverage (UHC) defined as all people obtaining the quality health services they need without suffering financial hardship (SDG 3.8).  The data on out-of-pocket spending is a key indicator with regard to financial protection and hence of progress towards UHC.",NA,NA,"https://datacatalog.worldbank.org/public-licenses#cc-by",NA,NA,NA,NA,NA,NA,NA,NA,NA,NA,NA,NA,NA
"SH.XPD.CHEX.GD.ZS","CC BY-4.0","Current health expenditure (% of GDP)","Level of current health expenditure expressed as a percentage of GDP.  Estimates of current health expenditures include healthcare goods and services consumed during each year. This indicator does not include capital health expenditures such as buildings, machinery, IT and stocks of vaccines for emergency or outbreaks.","Global Health Expenditure Database, updated December 12th, 2025, World Health Organization (WHO), uri: https://apps.who.int/nha/database","Health: Health systems","WB_WDI","Percentage","Annual","2000-2024","Weighted average","Methodology: The Health SHA 2011 tracks all health spending in a given country over a defined period of time regardless of the entity or institution that financed and managed that spending. It generates consistent and comprehensive data on health spending in a country, which in turn can contribute to evidence-based policy-making.

Statistical concept(s): The health expenditure estimates have been prepared by the World Health Organization under the framework of the System of Health Accounts 2011 (SHA 2011).","Strengthening health financing is one objective of Sustainable Development Goal 3 (SDG target 3.c).  The levels and trends of health expenditure data identify key issues such as weaknesses and strengths and areas that need investment, for instance additional health facilities, better health information systems, or better trained human resources.  Health financing is also critical for reaching universal health coverage (UHC) defined as all people obtaining the quality health services they need without suffering financial hardship (SDG 3.8).  The data on out-of-pocket spending is a key indicator with regard to financial protection and hence of progress towards UHC.",NA,NA,"https://datacatalog.worldbank.org/public-licenses#cc-by",NA,NA,NA,NA,NA,NA,NA,NA,NA,NA,NA,NA,NA
"SP.DYN.CONM.ZS","CC BY-4.0","Contraceptive prevalence, any modern method (% of married women ages 15-49)","Contraceptive prevalence, any modern method is the percentage of married women ages 15-49 who are practicing, or whose sexual partners are practicing, at least one modern method of contraception.  Modern methods of contraception include female and male sterilization, oral hormonal pills, the intra-uterine device (IUD), the male condom, injectables, the implant (including Norplant), vaginal barrier methods, the female condom and emergency contraception.","Household surveys, United Nations (UN), note: Household surveys, including Demographic and Health Surveys and Multiple Indicator Cluster Surveys. Largely compiled by United Nations Population Division., publisher: UN Population Division","Health: Reproductive health","WB_WDI",NA,"Annual","1961-2024","Weighted average","Methodology: Contraceptive prevalence rates are obtained mainly from nationally representative household surveys, including: Demographic and Health Surveys; Multiple Indicator Cluster Surveys; Contraceptive Prevalence Surveys; Gender and Generations Survey; Reproductive Health Surveys; and World Fertility Surveys.  Additional information was provided by other international survey programs and national surveys.  



Married women refer to women who are married (defined in relation to the marriage laws or customs of a country) and to women in a union, which refers to women living with their partner in the same household (also referred to as cohabiting unions, consensual unions, unmarried unions, or “living together”).","Contraceptive prevalence among women of reproductive age is related to maternal and child health, as well as gender equality and HIV/AIDS.   Contraceptives enable women and men to make informed decisions on family planning – whether, when, and how many children they would have. 



Preventing unwanted pregnancies is essential to reducing maternal deaths, especially in low- and middle- income countries where maternal mortality rate is high.  With effective contraception, life-threatening pregnancy complications can be reduced, and thus maternal deaths can be averted.  



Using condoms (one of the modern contraceptive methods) can prevent pregnancy as well as sexually transmitted diseases, including HIV.","While the data availability on contraceptive use has increased, in many countries the contraceptive use data are available only for married women. 



The time frame used to assess contraceptive prevalence may vary. In many surveys, it is left to the respondent to determine what is meant by “currently using” a method of contraception.",NA,"https://datacatalog.worldbank.org/public-licenses#cc-by",NA,NA,NA,NA,NA,NA,NA,NA,NA,NA,NA,NA,NA
"SP.URB.TOTL.IN.ZS","CC BY-4.0","Urban population (% of total population)","Urban population refers to people living in urban areas as defined by national statistical offices. The data are collected and smoothed by United Nations Population Division.","World Urbanization Prospects, United Nations (UN), uri: https://population.un.org/wup/, note: United Nations Population Division's World Urbanization Prospects, National definitions, publisher: UN Population Division","Environment: Density & urbanization","WB_WDI","Percentage","Annual","1960-2024","Weighted average","Methodology: Percentages urban are the numbers of persons residing in an area defined as ''urban'' per 100 total population.",NA,NA,NA,NA,NA,NA,NA,NA,NA,NA,NA,NA,NA,NA,NA,NA,NA
"Statistical concept(s): Urban population refers to people living in urban areas as defined by national statistical offices. Particular caution should be used in interpreting the figures for percentage urban for different countries. Countries differ in the way they classify population as ""urban"" or ""rural."" The population of a city or metropolitan area depends on the boundaries chosen.","Explosive growth of cities globally signifies the demographic transition from rural to urban, and is associated with shifts from an agriculture-based economy to mass industry, technology, and service.











In principle, cities offer a more favorable setting for the resolution of social and environmental problems than rural areas. Cities generate jobs and income, and deliver education, health care and other services. Cities also present opportunities for social mobilization and women's empowerment.","Aggregation of urban and rural population may not add up to total population because of different country coverage.

Most countries use an urban classification related to the size or characteristics of settlements. Some define urban areas based on the presence of certain infrastructure and services. And other countries designate urban areas based on administrative arrangements. Because of national differences in the characteristics that distinguish urban from rural areas, the distinction between urban and rural population is not amenable to a single definition that would be applicable to all countries.

Estimates of the world's urban population would change significantly if China, India, and a few other populous nations were to change their definition of urban centers.

Because the estimates of city and metropolitan area are based on national definitions of what constitutes a city or metropolitan area, cross-country comparisons should be made with caution.",NA,"https://datacatalog.worldbank.org/public-licenses#cc-by",NA,NA,NA,NA,NA,NA,NA,NA,NA,NA,NA,NA,NA,NA,NA,NA,NA,NA,NA,NA,NA,NA,NA,NA
