"GID_2","GID_0","COUNTRY","GID_1","NAME_1","NL_NAME_1","NAME_2","VARNAME_2","NL_NAME_2","TYPE_2","ENGTYPE_2","CC_2","HASC_2","district_key","sba_2015","anc_2015","pnc_2015","coverage_2015","sba_2024","anc_2024","pnc_2024","coverage_2024","coverage_change"
"MWI.1.1_1","MWI","Malawi","MWI.1_1","Balaka",NA,"Balaka Town",NA,NA,"Town","Town",NA,NA,"balaka",0.501529355715427,0.575452470666889,1,0.692327275460772,0.37811200825522,0.57992345226674,0.998112448450231,0.65204930299073,-0.0402779724700413
"MWI.1.2_1","MWI","Malawi","MWI.1_1","Balaka",NA,"TA Kalembo",NA,NA,"Traditional Authority","Traditional Authority",NA,NA,"balaka",0.501529355715427,0.575452470666889,1,0.692327275460772,0.37811200825522,0.57992345226674,0.998112448450231,0.65204930299073,-0.0402779724700413
"MWI.1.3_1","MWI","Malawi","MWI.1_1","Balaka",NA,"TA Nsamala",NA,NA,"Traditional Authority","Traditional Authority",NA,NA,"balaka",0.501529355715427,0.575452470666889,1,0.692327275460772,0.37811200825522,0.57992345226674,0.998112448450231,0.65204930299073,-0.0402779724700413
"MWI.2.1_1","MWI","Malawi","MWI.2_1","Blantyre",NA,"Blantyre City",NA,NA,"City","City",NA,NA,"blantyre",0.451867900195804,0.441274676619017,0.995963990332776,0.629702189049199,0.332930150557188,0.565706976147934,0.990849740979339,0.629828955894821,0.000126766845621296
"MWI.2.2_1","MWI","Malawi","MWI.2_1","Blantyre",NA,"TA Chigaru",NA,NA,"Traditional Authority","Traditional Authority",NA,NA,"blantyre",0.451867900195804,0.441274676619017,0.995963990332776,0.629702189049199,0.332930150557188,0.565706976147934,0.990849740979339,0.629828955894821,0.000126766845621296
"MWI.2.3_1","MWI","Malawi","MWI.2_1","Blantyre",NA,"TA Kapeni",NA,NA,"Traditional Authority","Traditional Authority",NA,NA,"blantyre",0.451867900195804,0.441274676619017,0.995963990332776,0.629702189049199,0.332930150557188,0.565706976147934,0.990849740979339,0.629828955894821,0.000126766845621296
"MWI.2.4_1","MWI","Malawi","MWI.2_1","Blantyre",NA,"TA Kuntaja",NA,NA,"Traditional Authority","Traditional Authority",NA,NA,"blantyre",0.451867900195804,0.441274676619017,0.995963990332776,0.629702189049199,0.332930150557188,0.565706976147934,0.990849740979339,0.629828955894821,0.000126766845621296
"MWI.2.5_1","MWI","Malawi","MWI.2_1","Blantyre",NA,"TA Kunthembwe",NA,NA,"Traditional Authority","Traditional Authority",NA,NA,"blantyre",0.451867900195804,0.441274676619017,0.995963990332776,0.629702189049199,0.332930150557188,0.565706976147934,0.990849740979339,0.629828955894821,0.000126766845621296
"MWI.2.6_1","MWI","Malawi","MWI.2_1","Blantyre",NA,"TA Lundu",NA,NA,"Traditional Authority","Traditional Authority",NA,NA,"blantyre",0.451867900195804,0.441274676619017,0.995963990332776,0.629702189049199,0.332930150557188,0.565706976147934,0.990849740979339,0.629828955894821,0.000126766845621296
"MWI.2.7_1","MWI","Malawi","MWI.2_1","Blantyre",NA,"TA Machinjili",NA,NA,"Traditional Authority","Traditional Authority",NA,NA,"blantyre",0.451867900195804,0.441274676619017,0.995963990332776,0.629702189049199,0.332930150557188,0.565706976147934,0.990849740979339,0.629828955894821,0.000126766845621296
"MWI.2.8_1","MWI","Malawi","MWI.2_1","Blantyre",NA,"TA Makata",NA,NA,"Traditional Authority","Traditional Authority",NA,NA,"blantyre",0.451867900195804,0.441274676619017,0.995963990332776,0.629702189049199,0.332930150557188,0.565706976147934,0.990849740979339,0.629828955894821,0.000126766845621296
"MWI.2.9_1","MWI","Malawi","MWI.2_1","Blantyre",NA,"TA Somba",NA,NA,"Traditional Authority","Traditional Authority",NA,NA,"blantyre",0.451867900195804,0.441274676619017,0.995963990332776,0.629702189049199,0.332930150557188,0.565706976147934,0.990849740979339,0.629828955894821,0.000126766845621296
"MWI.3.1_1","MWI","Malawi","MWI.3_1","Chikwawa",NA,"Chikwawa Boma",NA,NA,"Boma","Headquarter",NA,NA,"chikwawa",0.569585248159078,0.374703365095795,0.997645654139781,0.647311422464885,0.377076991423906,0.481733750318557,0.986477951301012,0.615096231014492,-0.032215191450393
"MWI.3.2_1","MWI","Malawi","MWI.3_1","Chikwawa",NA,"Lengwe National Park",NA,NA,"National Park","National Park",NA,NA,"chikwawa",0.569585248159078,0.374703365095795,0.997645654139781,0.647311422464885,0.377076991423906,0.481733750318557,0.986477951301012,0.615096231014492,-0.032215191450393
"MWI.3.3_1","MWI","Malawi","MWI.3_1","Chikwawa",NA,"Majete Game Reserve - Chikwawa",NA,NA,"Reserve","Reserve",NA,NA,"chikwawa",0.569585248159078,0.374703365095795,0.997645654139781,0.647311422464885,0.377076991423906,0.481733750318557,0.986477951301012,0.615096231014492,-0.032215191450393
"MWI.3.4_1","MWI","Malawi","MWI.3_1","Chikwawa",NA,"Ngabu Urban",NA,NA,"Urban","Urban",NA,NA,"chikwawa",0.569585248159078,0.374703365095795,0.997645654139781,0.647311422464885,0.377076991423906,0.481733750318557,0.986477951301012,0.615096231014492,-0.032215191450393
"MWI.3.5_1","MWI","Malawi","MWI.3_1","Chikwawa",NA,"TA Chapananga",NA,NA,"Traditional Authority","Traditional Authority",NA,NA,"chikwawa",0.569585248159078,0.374703365095795,0.997645654139781,0.647311422464885,0.377076991423906,0.481733750318557,0.986477951301012,0.615096231014492,-0.032215191450393
"MWI.3.6_1","MWI","Malawi","MWI.3_1","Chikwawa",NA,"TA Kasisi",NA,NA,"Traditional Authority","Traditional Authority",NA,NA,"chikwawa",0.569585248159078,0.374703365095795,0.997645654139781,0.647311422464885,0.377076991423906,0.481733750318557,0.986477951301012,0.615096231014492,-0.032215191450393
"MWI.3.7_1","MWI","Malawi","MWI.3_1","Chikwawa",NA,"TA Katunga",NA,NA,"Traditional Authority","Traditional Authority",NA,NA,"chikwawa",0.569585248159078,0.374703365095795,0.997645654139781,0.647311422464885,0.377076991423906,0.481733750318557,0.986477951301012,0.615096231014492,-0.032215191450393
"MWI.3.8_1","MWI","Malawi","MWI.3_1","Chikwawa",NA,"TA Lundu",NA,NA,"Traditional Authority","Traditional Authority",NA,NA,"chikwawa",0.569585248159078,0.374703365095795,0.997645654139781,0.647311422464885,0.377076991423906,0.481733750318557,0.986477951301012,0.615096231014492,-0.032215191450393
"MWI.3.9_1","MWI","Malawi","MWI.3_1","Chikwawa",NA,"TA Makhwira",NA,NA,"Traditional Authority","Traditional Authority",NA,NA,"chikwawa",0.569585248159078,0.374703365095795,0.997645654139781,0.647311422464885,0.377076991423906,0.481733750318557,0.986477951301012,0.615096231014492,-0.032215191450393
"MWI.3.10_1","MWI","Malawi","MWI.3_1","Chikwawa",NA,"TA Maseya",NA,NA,"Traditional Authority","Traditional Authority",NA,NA,"chikwawa",0.569585248159078,0.374703365095795,0.997645654139781,0.647311422464885,0.377076991423906,0.481733750318557,0.986477951301012,0.615096231014492,-0.032215191450393
"MWI.3.11_1","MWI","Malawi","MWI.3_1","Chikwawa",NA,"TA Ngabu",NA,NA,"Traditional Authority","Traditional Authority",NA,NA,"chikwawa",0.569585248159078,0.374703365095795,0.997645654139781,0.647311422464885,0.377076991423906,0.481733750318557,0.986477951301012,0.615096231014492,-0.032215191450393
"MWI.4.1_1","MWI","Malawi","MWI.4_1","Chiradzulu",NA,"Chiradzulu Boma",NA,NA,"Boma","Headquarter",NA,NA,"chiradzulu",0.491528875401836,0.507061172347157,0.99711644218264,0.665235496643877,0.305710545247451,0.545278396511754,0.995225379850651,0.615404773869952,-0.0498307227739254
"MWI.4.2_1","MWI","Malawi","MWI.4_1","Chiradzulu",NA,"TA Chitera",NA,NA,"Traditional Authority","Traditional Authority",NA,NA,"chiradzulu",0.491528875401836,0.507061172347157,0.99711644218264,0.665235496643877,0.305710545247451,0.545278396511754,0.995225379850651,0.615404773869952,-0.0498307227739254
"MWI.4.3_1","MWI","Malawi","MWI.4_1","Chiradzulu",NA,"TA Kadewere",NA,NA,"Traditional Authority","Traditional Authority",NA,NA,"chiradzulu",0.491528875401836,0.507061172347157,0.99711644218264,0.665235496643877,0.305710545247451,0.545278396511754,0.995225379850651,0.615404773869952,-0.0498307227739254
"MWI.4.4_1","MWI","Malawi","MWI.4_1","Chiradzulu",NA,"TA Likoswe",NA,NA,"Traditional Authority","Traditional Authority",NA,NA,"chiradzulu",0.491528875401836,0.507061172347157,0.99711644218264,0.665235496643877,0.305710545247451,0.545278396511754,0.995225379850651,0.615404773869952,-0.0498307227739254
"MWI.4.5_1","MWI","Malawi","MWI.4_1","Chiradzulu",NA,"TA Mpama",NA,NA,"Traditional Authority","Traditional Authority",NA,NA,"chiradzulu",0.491528875401836,0.507061172347157,0.99711644218264,0.665235496643877,0.305710545247451,0.545278396511754,0.995225379850651,0.615404773869952,-0.0498307227739254
"MWI.4.6_1","MWI","Malawi","MWI.4_1","Chiradzulu",NA,"TA Nchema",NA,NA,"Traditional Authority","Traditional Authority",NA,NA,"chiradzulu",0.491528875401836,0.507061172347157,0.99711644218264,0.665235496643877,0.305710545247451,0.545278396511754,0.995225379850651,0.615404773869952,-0.0498307227739254
"MWI.4.7_1","MWI","Malawi","MWI.4_1","Chiradzulu",NA,"TA Nkalo",NA,NA,"Traditional Authority","Traditional Authority",NA,NA,"chiradzulu",0.491528875401836,0.507061172347157,0.99711644218264,0.665235496643877,0.305710545247451,0.545278396511754,0.995225379850651,0.615404773869952,-0.0498307227739254
"MWI.5.1_1","MWI","Malawi","MWI.5_1","Chitipa",NA,"Chitipa Boma",NA,NA,"Boma","Headquarter",NA,NA,"chitipa",0.55014186552121,0.471576947720755,0.987179913551036,0.669632908931,0.331825379837213,0.578133295653743,1,0.636652891830319,-0.0329800171006812
"MWI.5.2_1","MWI","Malawi","MWI.5_1","Chitipa",NA,"Nyika N.P. - Chitipa",NA,NA,"National Park","National Park",NA,NA,"chitipa",0.55014186552121,0.471576947720755,0.987179913551036,0.669632908931,0.331825379837213,0.578133295653743,1,0.636652891830319,-0.0329800171006812
"MWI.5.3_1","MWI","Malawi","MWI.5_1","Chitipa",NA,"TA Kameme",NA,NA,"Traditional Authority","Traditional Authority",NA,NA,"chitipa",0.55014186552121,0.471576947720755,0.987179913551036,0.669632908931,0.331825379837213,0.578133295653743,1,0.636652891830319,-0.0329800171006812
"MWI.5.4_1","MWI","Malawi","MWI.5_1","Chitipa",NA,"TA Mwabulambya",NA,NA,"Traditional Authority","Traditional Authority",NA,NA,"chitipa",0.55014186552121,0.471576947720755,0.987179913551036,0.669632908931,0.331825379837213,0.578133295653743,1,0.636652891830319,-0.0329800171006812
"MWI.5.5_1","MWI","Malawi","MWI.5_1","Chitipa",NA,"TA Mwenemisuku",NA,NA,"Traditional Authority","Traditional Authority",NA,NA,"chitipa",0.55014186552121,0.471576947720755,0.987179913551036,0.669632908931,0.331825379837213,0.578133295653743,1,0.636652891830319,-0.0329800171006812
"MWI.5.6_1","MWI","Malawi","MWI.5_1","Chitipa",NA,"TA Mwenewenya",NA,NA,"Traditional Authority","Traditional Authority",NA,NA,"chitipa",0.55014186552121,0.471576947720755,0.987179913551036,0.669632908931,0.331825379837213,0.578133295653743,1,0.636652891830319,-0.0329800171006812
"MWI.5.7_1","MWI","Malawi","MWI.5_1","Chitipa",NA,"TA Nthalire",NA,NA,"Traditional Authority","Traditional Authority",NA,NA,"chitipa",0.55014186552121,0.471576947720755,0.987179913551036,0.669632908931,0.331825379837213,0.578133295653743,1,0.636652891830319,-0.0329800171006812
"MWI.6.1_1","MWI","Malawi","MWI.6_1","Dedza",NA,"Dedza Boma",NA,NA,"Boma","Headquarter",NA,NA,"dedza",0.472209833126797,0.52561890397487,0.995849895182646,0.664559544094771,0.319545092853471,0.630289658235878,1,0.649944917029783,-0.0146146270649881
"MWI.6.2_1","MWI","Malawi","MWI.6_1","Dedza",NA,"Lake Malawi",NA,NA,"Water body","Water body",NA,NA,"dedza",0.472209833126797,0.52561890397487,0.995849895182646,0.664559544094771,0.319545092853471,0.630289658235878,1,0.649944917029783,-0.0146146270649881
"MWI.6.3_1","MWI","Malawi","MWI.6_1","Dedza",NA,"SC Chauma",NA,NA,"Sub-chief","Sub-chief",NA,NA,"dedza",0.472209833126797,0.52561890397487,0.995849895182646,0.664559544094771,0.319545092853471,0.630289658235878,1,0.649944917029783,-0.0146146270649881
"MWI.6.4_1","MWI","Malawi","MWI.6_1","Dedza",NA,"SC Chilikumwendo",NA,NA,"Sub-chief","Sub-chief",NA,NA,"dedza",0.472209833126797,0.52561890397487,0.995849895182646,0.664559544094771,0.319545092853471,0.630289658235878,1,0.649944917029783,-0.0146146270649881
"MWI.6.5_1","MWI","Malawi","MWI.6_1","Dedza",NA,"SC Kamenya Gwaza",NA,NA,"Sub-chief","Sub-chief",NA,NA,"dedza",0.472209833126797,0.52561890397487,0.995849895182646,0.664559544094771,0.319545092853471,0.630289658235878,1,0.649944917029783,-0.0146146270649881
"MWI.6.6_1","MWI","Malawi","MWI.6_1","Dedza",NA,"TA Kachindamoto",NA,NA,"Traditional Authority","Traditional Authority",NA,NA,"dedza",0.472209833126797,0.52561890397487,0.995849895182646,0.664559544094771,0.319545092853471,0.630289658235878,1,0.649944917029783,-0.0146146270649881
"MWI.6.7_1","MWI","Malawi","MWI.6_1","Dedza",NA,"TA Kaphuka",NA,NA,"Traditional Authority","Traditional Authority",NA,NA,"dedza",0.472209833126797,0.52561890397487,0.995849895182646,0.664559544094771,0.319545092853471,0.630289658235878,1,0.649944917029783,-0.0146146270649881
"MWI.6.8_1","MWI","Malawi","MWI.6_1","Dedza",NA,"TA Kasumbu",NA,NA,"Traditional Authority","Traditional Authority",NA,NA,"dedza",0.472209833126797,0.52561890397487,0.995849895182646,0.664559544094771,0.319545092853471,0.630289658235878,1,0.649944917029783,-0.0146146270649881
"MWI.6.9_1","MWI","Malawi","MWI.6_1","Dedza",NA,"TA Pemba",NA,NA,"Traditional Authority","Traditional Authority",NA,NA,"dedza",0.472209833126797,0.52561890397487,0.995849895182646,0.664559544094771,0.319545092853471,0.630289658235878,1,0.649944917029783,-0.0146146270649881
"MWI.6.10_1","MWI","Malawi","MWI.6_1","Dedza",NA,"TA Tambala",NA,NA,"Traditional Authority","Traditional Authority",NA,NA,"dedza",0.472209833126797,0.52561890397487,0.995849895182646,0.664559544094771,0.319545092853471,0.630289658235878,1,0.649944917029783,-0.0146146270649881
"MWI.7.1_1","MWI","Malawi","MWI.7_1","Dowa",NA,"Dowa Boma",NA,NA,"Boma","Headquarter",NA,NA,"dowa",0.486138846413319,0.575341975509226,0.997994722326964,0.68649184808317,0.322951835967387,0.717719554313214,1,0.6802237967602,-0.00626805132296937
"MWI.7.2_1","MWI","Malawi","MWI.7_1","Dowa",NA,"Mponela Urban",NA,NA,"Urban","Urban",NA,NA,"dowa",0.486138846413319,0.575341975509226,0.997994722326964,0.68649184808317,0.322951835967387,0.717719554313214,1,0.6802237967602,-0.00626805132296937
"MWI.7.3_1","MWI","Malawi","MWI.7_1","Dowa",NA,"SC Chakhaza",NA,NA,"Sub-chief","Sub-chief",NA,NA,"dowa",0.486138846413319,0.575341975509226,0.997994722326964,0.68649184808317,0.322951835967387,0.717719554313214,1,0.6802237967602,-0.00626805132296937
"MWI.7.4_1","MWI","Malawi","MWI.7_1","Dowa",NA,"SC Kayembe",NA,NA,"Sub-chief","Sub-chief",NA,NA,"dowa",0.486138846413319,0.575341975509226,0.997994722326964,0.68649184808317,0.322951835967387,0.717719554313214,1,0.6802237967602,-0.00626805132296937
"MWI.7.5_1","MWI","Malawi","MWI.7_1","Dowa",NA,"SC Mkukula",NA,NA,"Sub-chief","Sub-chief",NA,NA,"dowa",0.486138846413319,0.575341975509226,0.997994722326964,0.68649184808317,0.322951835967387,0.717719554313214,1,0.6802237967602,-0.00626805132296937
"MWI.7.6_1","MWI","Malawi","MWI.7_1","Dowa",NA,"SC Mponela",NA,NA,"Sub-chief","Sub-chief",NA,NA,"dowa",0.486138846413319,0.575341975509226,0.997994722326964,0.68649184808317,0.322951835967387,0.717719554313214,1,0.6802237967602,-0.00626805132296937
"MWI.7.7_1","MWI","Malawi","MWI.7_1","Dowa",NA,"TA Chiwere",NA,NA,"Traditional Authority","Traditional Authority",NA,NA,"dowa",0.486138846413319,0.575341975509226,0.997994722326964,0.68649184808317,0.322951835967387,0.717719554313214,1,0.6802237967602,-0.00626805132296937
"MWI.7.8_1","MWI","Malawi","MWI.7_1","Dowa",NA,"TA Dzoole",NA,NA,"Traditional Authority","Traditional Authority",NA,NA,"dowa",0.486138846413319,0.575341975509226,0.997994722326964,0.68649184808317,0.322951835967387,0.717719554313214,1,0.6802237967602,-0.00626805132296937
"MWI.7.9_1","MWI","Malawi","MWI.7_1","Dowa",NA,"TA Msakambewa",NA,NA,"Traditional Authority","Traditional Authority",NA,NA,"dowa",0.486138846413319,0.575341975509226,0.997994722326964,0.68649184808317,0.322951835967387,0.717719554313214,1,0.6802237967602,-0.00626805132296937
"MWI.8.1_1","MWI","Malawi","MWI.8_1","Karonga",NA,"Karonga Town",NA,NA,"Town","Town",NA,NA,"karonga",0.520225730940323,0.442181380669904,1,0.654135703870076,0.371220272350892,0.721451442315457,0.99142740111474,0.694699705260363,0.0405640013902873
"MWI.8.2_1","MWI","Malawi","MWI.8_1","Karonga",NA,"Lake Malawi",NA,NA,"Water body","Water body",NA,NA,"karonga",0.520225730940323,0.442181380669904,1,0.654135703870076,0.371220272350892,0.721451442315457,0.99142740111474,0.694699705260363,0.0405640013902873
"MWI.8.3_1","MWI","Malawi","MWI.8_1","Karonga",NA,"Nyipa N. P. - Karonga",NA,NA,"National Park","National Park",NA,NA,"karonga",0.520225730940323,0.442181380669904,1,0.654135703870076,0.371220272350892,0.721451442315457,0.99142740111474,0.694699705260363,0.0405640013902873
"MWI.8.4_1","MWI","Malawi","MWI.8_1","Karonga",NA,"SC Mwakaboko",NA,NA,"Sub-chief","Sub-chief",NA,NA,"karonga",0.520225730940323,0.442181380669904,1,0.654135703870076,0.371220272350892,0.721451442315457,0.99142740111474,0.694699705260363,0.0405640013902873
"MWI.8.5_1","MWI","Malawi","MWI.8_1","Karonga",NA,"SC Mwirang'ombe",NA,NA,"Sub-chief","Sub-chief",NA,NA,"karonga",0.520225730940323,0.442181380669904,1,0.654135703870076,0.371220272350892,0.721451442315457,0.99142740111474,0.694699705260363,0.0405640013902873
"MWI.8.6_1","MWI","Malawi","MWI.8_1","Karonga",NA,"TA Kilupula",NA,NA,"Traditional Authority","Traditional Authority",NA,NA,"karonga",0.520225730940323,0.442181380669904,1,0.654135703870076,0.371220272350892,0.721451442315457,0.99142740111474,0.694699705260363,0.0405640013902873
"MWI.8.7_1","MWI","Malawi","MWI.8_1","Karonga",NA,"TA Kyungu",NA,NA,"Traditional Authority","Traditional Authority",NA,NA,"karonga",0.520225730940323,0.442181380669904,1,0.654135703870076,0.371220272350892,0.721451442315457,0.99142740111474,0.694699705260363,0.0405640013902873
"MWI.8.8_1","MWI","Malawi","MWI.8_1","Karonga",NA,"TA Wasambo",NA,NA,"Traditional Authority","Traditional Authority",NA,NA,"karonga",0.520225730940323,0.442181380669904,1,0.654135703870076,0.371220272350892,0.721451442315457,0.99142740111474,0.694699705260363,0.0405640013902873
"MWI.9.1_1","MWI","Malawi","MWI.9_1","Kasungu",NA,"Kasungu Boma",NA,NA,"Boma","Headquarter",NA,NA,"kasungu",0.523673663929126,0.537236820165423,0.997940590772367,0.686283691622305,0.335085031099831,0.603791239374753,0.995267649030639,0.644714639835074,-0.0415690517872308
"MWI.9.2_1","MWI","Malawi","MWI.9_1","Kasungu",NA,"Kasungu National Park",NA,NA,"National Park","National Park",NA,NA,"kasungu",0.523673663929126,0.537236820165423,0.997940590772367,0.686283691622305,0.335085031099831,0.603791239374753,0.995267649030639,0.644714639835074,-0.0415690517872308
"MWI.9.3_1","MWI","Malawi","MWI.9_1","Kasungu",NA,"SC Chilowamatambe",NA,NA,"Sub-chief","Sub-chief",NA,NA,"kasungu",0.523673663929126,0.537236820165423,0.997940590772367,0.686283691622305,0.335085031099831,0.603791239374753,0.995267649030639,0.644714639835074,-0.0415690517872308
"MWI.9.4_1","MWI","Malawi","MWI.9_1","Kasungu",NA,"SC Chisikwa",NA,NA,"Sub-chief","Sub-chief",NA,NA,"kasungu",0.523673663929126,0.537236820165423,0.997940590772367,0.686283691622305,0.335085031099831,0.603791239374753,0.995267649030639,0.644714639835074,-0.0415690517872308
"MWI.9.5_1","MWI","Malawi","MWI.9_1","Kasungu",NA,"SC Kawamba",NA,NA,"Sub-chief","Sub-chief",NA,NA,"kasungu",0.523673663929126,0.537236820165423,0.997940590772367,0.686283691622305,0.335085031099831,0.603791239374753,0.995267649030639,0.644714639835074,-0.0415690517872308
"MWI.9.6_1","MWI","Malawi","MWI.9_1","Kasungu",NA,"SC Lukwa",NA,NA,"Sub-chief","Sub-chief",NA,NA,"kasungu",0.523673663929126,0.537236820165423,0.997940590772367,0.686283691622305,0.335085031099831,0.603791239374753,0.995267649030639,0.644714639835074,-0.0415690517872308
"MWI.9.7_1","MWI","Malawi","MWI.9_1","Kasungu",NA,"SC M'nyanja",NA,NA,"Sub-chief","Sub-chief",NA,NA,"kasungu",0.523673663929126,0.537236820165423,0.997940590772367,0.686283691622305,0.335085031099831,0.603791239374753,0.995267649030639,0.644714639835074,-0.0415690517872308
"MWI.9.8_1","MWI","Malawi","MWI.9_1","Kasungu",NA,"SC Njombwa",NA,NA,"Sub-chief","Sub-chief",NA,NA,"kasungu",0.523673663929126,0.537236820165423,0.997940590772367,0.686283691622305,0.335085031099831,0.603791239374753,0.995267649030639,0.644714639835074,-0.0415690517872308
"MWI.9.9_1","MWI","Malawi","MWI.9_1","Kasungu",NA,"SC Simlemba",NA,NA,"Sub-chief","Sub-chief",NA,NA,"kasungu",0.523673663929126,0.537236820165423,0.997940590772367,0.686283691622305,0.335085031099831,0.603791239374753,0.995267649030639,0.644714639835074,-0.0415690517872308
"MWI.9.10_1","MWI","Malawi","MWI.9_1","Kasungu",NA,"TA Chulu",NA,NA,"Traditional Authority","Traditional Authority",NA,NA,"kasungu",0.523673663929126,0.537236820165423,0.997940590772367,0.686283691622305,0.335085031099831,0.603791239374753,0.995267649030639,0.644714639835074,-0.0415690517872308
"MWI.9.11_1","MWI","Malawi","MWI.9_1","Kasungu",NA,"TA Kaluluma",NA,NA,"Traditional Authority","Traditional Authority",NA,NA,"kasungu",0.523673663929126,0.537236820165423,0.997940590772367,0.686283691622305,0.335085031099831,0.603791239374753,0.995267649030639,0.644714639835074,-0.0415690517872308
"MWI.9.12_1","MWI","Malawi","MWI.9_1","Kasungu",NA,"TA Kaomba",NA,NA,"Traditional Authority","Traditional Authority",NA,NA,"kasungu",0.523673663929126,0.537236820165423,0.997940590772367,0.686283691622305,0.335085031099831,0.603791239374753,0.995267649030639,0.644714639835074,-0.0415690517872308
"MWI.9.13_1","MWI","Malawi","MWI.9_1","Kasungu",NA,"TA Kapelula",NA,NA,"Traditional Authority","Traditional Authority",NA,NA,"kasungu",0.523673663929126,0.537236820165423,0.997940590772367,0.686283691622305,0.335085031099831,0.603791239374753,0.995267649030639,0.644714639835074,-0.0415690517872308
"MWI.9.14_1","MWI","Malawi","MWI.9_1","Kasungu",NA,"TA Mwase",NA,NA,"Traditional Authority","Traditional Authority",NA,NA,"kasungu",0.523673663929126,0.537236820165423,0.997940590772367,0.686283691622305,0.335085031099831,0.603791239374753,0.995267649030639,0.644714639835074,-0.0415690517872308
"MWI.9.15_1","MWI","Malawi","MWI.9_1","Kasungu",NA,"TA Santhe",NA,NA,"Traditional Authority","Traditional Authority",NA,NA,"kasungu",0.523673663929126,0.537236820165423,0.997940590772367,0.686283691622305,0.335085031099831,0.603791239374753,0.995267649030639,0.644714639835074,-0.0415690517872308
"MWI.9.16_1","MWI","Malawi","MWI.9_1","Kasungu",NA,"TA Wimbe",NA,NA,"Traditional Authority","Traditional Authority",NA,NA,"kasungu",0.523673663929126,0.537236820165423,0.997940590772367,0.686283691622305,0.335085031099831,0.603791239374753,0.995267649030639,0.644714639835074,-0.0415690517872308
"MWI.10.1_1","MWI","Malawi","MWI.10_1","Likoma",NA,"Lake Malawi",NA,NA,"Water body","Water body",NA,NA,"likoma",0.428339088402062,0.675668643410636,0.997579706668303,0.700529146160334,0.261815290711117,0.685575060355843,1,0.64913011702232,-0.051399029138014
"MWI.11.1_1","MWI","Malawi","MWI.11_1","Lilongwe",NA,"Lilongwe City",NA,NA,"City","City",NA,NA,"lilongwe",0.469558297402268,0.503257790706316,0.997646226325547,0.656820771478044,0.303621520617629,0.550998141882965,1,0.618206554166865,-0.0386142173111788
"MWI.11.2_1","MWI","Malawi","MWI.11_1","Lilongwe",NA,"SC Chitekwele",NA,NA,"Sub-chief","Sub-chief",NA,NA,"lilongwe",0.469558297402268,0.503257790706316,0.997646226325547,0.656820771478044,0.303621520617629,0.550998141882965,1,0.618206554166865,-0.0386142173111788
"MWI.11.3_1","MWI","Malawi","MWI.11_1","Lilongwe",NA,"SC Mtema",NA,NA,"Sub-chief","Sub-chief",NA,NA,"lilongwe",0.469558297402268,0.503257790706316,0.997646226325547,0.656820771478044,0.303621520617629,0.550998141882965,1,0.618206554166865,-0.0386142173111788
"MWI.11.4_1","MWI","Malawi","MWI.11_1","Lilongwe",NA,"SC Njewa",NA,NA,"Sub-chief","Sub-chief",NA,NA,"lilongwe",0.469558297402268,0.503257790706316,0.997646226325547,0.656820771478044,0.303621520617629,0.550998141882965,1,0.618206554166865,-0.0386142173111788
"MWI.11.5_1","MWI","Malawi","MWI.11_1","Lilongwe",NA,"SC Tsabango",NA,NA,"Sub-chief","Sub-chief",NA,NA,"lilongwe",0.469558297402268,0.503257790706316,0.997646226325547,0.656820771478044,0.303621520617629,0.550998141882965,1,0.618206554166865,-0.0386142173111788
"MWI.11.6_1","MWI","Malawi","MWI.11_1","Lilongwe",NA,"TA Chadza",NA,NA,"Traditional Authority","Traditional Authority",NA,NA,"lilongwe",0.469558297402268,0.503257790706316,0.997646226325547,0.656820771478044,0.303621520617629,0.550998141882965,1,0.618206554166865,-0.0386142173111788
"MWI.11.7_1","MWI","Malawi","MWI.11_1","Lilongwe",NA,"TA Chimutu",NA,NA,"Traditional Authority","Traditional Authority",NA,NA,"lilongwe",0.469558297402268,0.503257790706316,0.997646226325547,0.656820771478044,0.303621520617629,0.550998141882965,1,0.618206554166865,-0.0386142173111788
"MWI.11.8_1","MWI","Malawi","MWI.11_1","Lilongwe",NA,"TA Chiseka",NA,NA,"Traditional Authority","Traditional Authority",NA,NA,"lilongwe",0.469558297402268,0.503257790706316,0.997646226325547,0.656820771478044,0.303621520617629,0.550998141882965,1,0.618206554166865,-0.0386142173111788
"MWI.11.9_1","MWI","Malawi","MWI.11_1","Lilongwe",NA,"TA Chitukula",NA,NA,"Traditional Authority","Traditional Authority",NA,NA,"lilongwe",0.469558297402268,0.503257790706316,0.997646226325547,0.656820771478044,0.303621520617629,0.550998141882965,1,0.618206554166865,-0.0386142173111788
"MWI.11.10_1","MWI","Malawi","MWI.11_1","Lilongwe",NA,"TA Kabudula",NA,NA,"Traditional Authority","Traditional Authority",NA,NA,"lilongwe",0.469558297402268,0.503257790706316,0.997646226325547,0.656820771478044,0.303621520617629,0.550998141882965,1,0.618206554166865,-0.0386142173111788
"MWI.11.11_1","MWI","Malawi","MWI.11_1","Lilongwe",NA,"TA Kalolo",NA,NA,"Traditional Authority","Traditional Authority",NA,NA,"lilongwe",0.469558297402268,0.503257790706316,0.997646226325547,0.656820771478044,0.303621520617629,0.550998141882965,1,0.618206554166865,-0.0386142173111788
"MWI.11.12_1","MWI","Malawi","MWI.11_1","Lilongwe",NA,"TA Kalumba",NA,NA,"Traditional Authority","Traditional Authority",NA,NA,"lilongwe",0.469558297402268,0.503257790706316,0.997646226325547,0.656820771478044,0.303621520617629,0.550998141882965,1,0.618206554166865,-0.0386142173111788
"MWI.11.13_1","MWI","Malawi","MWI.11_1","Lilongwe",NA,"TA Kalumbu",NA,NA,"Traditional Authority","Traditional Authority",NA,NA,"lilongwe",0.469558297402268,0.503257790706316,0.997646226325547,0.656820771478044,0.303621520617629,0.550998141882965,1,0.618206554166865,-0.0386142173111788
"MWI.11.14_1","MWI","Malawi","MWI.11_1","Lilongwe",NA,"TA Khongoni",NA,NA,"Traditional Authority","Traditional Authority",NA,NA,"lilongwe",0.469558297402268,0.503257790706316,0.997646226325547,0.656820771478044,0.303621520617629,0.550998141882965,1,0.618206554166865,-0.0386142173111788
"MWI.11.15_1","MWI","Malawi","MWI.11_1","Lilongwe",NA,"TA Malili",NA,NA,"Traditional Authority","Traditional Authority",NA,NA,"lilongwe",0.469558297402268,0.503257790706316,0.997646226325547,0.656820771478044,0.303621520617629,0.550998141882965,1,0.618206554166865,-0.0386142173111788
"MWI.11.16_1","MWI","Malawi","MWI.11_1","Lilongwe",NA,"TA Mazengera",NA,NA,"Traditional Authority","Traditional Authority",NA,NA,"lilongwe",0.469558297402268,0.503257790706316,0.997646226325547,0.656820771478044,0.303621520617629,0.550998141882965,1,0.618206554166865,-0.0386142173111788
"MWI.12.1_1","MWI","Malawi","MWI.12_1","Machinga",NA,"Lake Chilwa",NA,NA,"Water body","Water body",NA,NA,"machinga",0.631781387169424,0.503710180869825,0.99569672042471,0.710396096154653,0.409205628676408,0.653771287088374,0.997469764571891,0.686815560112224,-0.0235805360424287
"MWI.12.2_1","MWI","Malawi","MWI.12_1","Machinga",NA,"Lake Chiuta",NA,NA,"Water body","Water body",NA,NA,"machinga",0.631781387169424,0.503710180869825,0.99569672042471,0.710396096154653,0.409205628676408,0.653771287088374,0.997469764571891,0.686815560112224,-0.0235805360424287
"MWI.12.3_1","MWI","Malawi","MWI.12_1","Machinga",NA,"Liwonda National Park",NA,NA,"National Park","National Park",NA,NA,"machinga",0.631781387169424,0.503710180869825,0.99569672042471,0.710396096154653,0.409205628676408,0.653771287088374,0.997469764571891,0.686815560112224,-0.0235805360424287
"MWI.12.4_1","MWI","Malawi","MWI.12_1","Machinga",NA,"Liwonde Town",NA,NA,"Town","Town",NA,NA,"machinga",0.631781387169424,0.503710180869825,0.99569672042471,0.710396096154653,0.409205628676408,0.653771287088374,0.997469764571891,0.686815560112224,-0.0235805360424287
"MWI.12.5_1","MWI","Malawi","MWI.12_1","Machinga",NA,"SC Chamba",NA,NA,"Sub-chief","Sub-chief",NA,NA,"machinga",0.631781387169424,0.503710180869825,0.99569672042471,0.710396096154653,0.409205628676408,0.653771287088374,0.997469764571891,0.686815560112224,-0.0235805360424287
"MWI.12.6_1","MWI","Malawi","MWI.12_1","Machinga",NA,"SC Chikweo",NA,NA,"Sub-chief","Sub-chief",NA,NA,"machinga",0.631781387169424,0.503710180869825,0.99569672042471,0.710396096154653,0.409205628676408,0.653771287088374,0.997469764571891,0.686815560112224,-0.0235805360424287
"MWI.12.7_1","MWI","Malawi","MWI.12_1","Machinga",NA,"SC Chiwalo",NA,NA,"Sub-chief","Sub-chief",NA,NA,"machinga",0.631781387169424,0.503710180869825,0.99569672042471,0.710396096154653,0.409205628676408,0.653771287088374,0.997469764571891,0.686815560112224,-0.0235805360424287
"MWI.12.8_1","MWI","Malawi","MWI.12_1","Machinga",NA,"SC Mlomba",NA,NA,"Sub-chief","Sub-chief",NA,NA,"machinga",0.631781387169424,0.503710180869825,0.99569672042471,0.710396096154653,0.409205628676408,0.653771287088374,0.997469764571891,0.686815560112224,-0.0235805360424287
"MWI.12.9_1","MWI","Malawi","MWI.12_1","Machinga",NA,"SC Mposa",NA,NA,"Sub-chief","Sub-chief",NA,NA,"machinga",0.631781387169424,0.503710180869825,0.99569672042471,0.710396096154653,0.409205628676408,0.653771287088374,0.997469764571891,0.686815560112224,-0.0235805360424287
"MWI.12.10_1","MWI","Malawi","MWI.12_1","Machinga",NA,"SC Ngokwe",NA,NA,"Sub-chief","Sub-chief",NA,NA,"machinga",0.631781387169424,0.503710180869825,0.99569672042471,0.710396096154653,0.409205628676408,0.653771287088374,0.997469764571891,0.686815560112224,-0.0235805360424287
"MWI.12.11_1","MWI","Malawi","MWI.12_1","Machinga",NA,"SC Sitola",NA,NA,"Sub-chief","Sub-chief",NA,NA,"machinga",0.631781387169424,0.503710180869825,0.99569672042471,0.710396096154653,0.409205628676408,0.653771287088374,0.997469764571891,0.686815560112224,-0.0235805360424287
"MWI.12.12_1","MWI","Malawi","MWI.12_1","Machinga",NA,"TA Kawinga",NA,NA,"Traditional Authority","Traditional Authority",NA,NA,"machinga",0.631781387169424,0.503710180869825,0.99569672042471,0.710396096154653,0.409205628676408,0.653771287088374,0.997469764571891,0.686815560112224,-0.0235805360424287
"MWI.12.13_1","MWI","Malawi","MWI.12_1","Machinga",NA,"TA Liwonde",NA,NA,"Traditional Authority","Traditional Authority",NA,NA,"machinga",0.631781387169424,0.503710180869825,0.99569672042471,0.710396096154653,0.409205628676408,0.653771287088374,0.997469764571891,0.686815560112224,-0.0235805360424287
"MWI.12.14_1","MWI","Malawi","MWI.12_1","Machinga",NA,"TA Nyambi",NA,NA,"Traditional Authority","Traditional Authority",NA,NA,"machinga",0.631781387169424,0.503710180869825,0.99569672042471,0.710396096154653,0.409205628676408,0.653771287088374,0.997469764571891,0.686815560112224,-0.0235805360424287
"MWI.13.1_1","MWI","Malawi","MWI.13_1","Mangochi",NA,"Lake Malawi",NA,NA,"Water body","Water body",NA,NA,"mangochi",0.532915351934108,0.460349149744768,0.990619483737838,0.661294661805571,0.417870945932564,0.686809633258189,1,0.701560193063584,0.0402655312580129
"MWI.13.2_1","MWI","Malawi","MWI.13_1","Mangochi",NA,"Lake Malombe",NA,NA,"Water body","Water body",NA,NA,"mangochi",0.532915351934108,0.460349149744768,0.990619483737838,0.661294661805571,0.417870945932564,0.686809633258189,1,0.701560193063584,0.0402655312580129
"MWI.13.3_1","MWI","Malawi","MWI.13_1","Mangochi",NA,"Mangochi Town",NA,NA,"Town","Town",NA,NA,"mangochi",0.532915351934108,0.460349149744768,0.990619483737838,0.661294661805571,0.417870945932564,0.686809633258189,1,0.701560193063584,0.0402655312580129
"MWI.13.4_1","MWI","Malawi","MWI.13_1","Mangochi",NA,"Monkey Bay Urban",NA,NA,"Urban","Urban",NA,NA,"mangochi",0.532915351934108,0.460349149744768,0.990619483737838,0.661294661805571,0.417870945932564,0.686809633258189,1,0.701560193063584,0.0402655312580129
"MWI.13.5_1","MWI","Malawi","MWI.13_1","Mangochi",NA,"SC Chowe",NA,NA,"Sub-chief","Sub-chief",NA,NA,"mangochi",0.532915351934108,0.460349149744768,0.990619483737838,0.661294661805571,0.417870945932564,0.686809633258189,1,0.701560193063584,0.0402655312580129
"MWI.13.6_1","MWI","Malawi","MWI.13_1","Mangochi",NA,"SC Mbwana Nyambi",NA,NA,"Sub-chief","Sub-chief",NA,NA,"mangochi",0.532915351934108,0.460349149744768,0.990619483737838,0.661294661805571,0.417870945932564,0.686809633258189,1,0.701560193063584,0.0402655312580129
"MWI.13.7_1","MWI","Malawi","MWI.13_1","Mangochi",NA,"SC Namabvi",NA,NA,"Sub-chief","Sub-chief",NA,NA,"mangochi",0.532915351934108,0.460349149744768,0.990619483737838,0.661294661805571,0.417870945932564,0.686809633258189,1,0.701560193063584,0.0402655312580129
"MWI.13.8_1","MWI","Malawi","MWI.13_1","Mangochi",NA,"TA Chimwala",NA,NA,"Traditional Authority","Traditional Authority",NA,NA,"mangochi",0.532915351934108,0.460349149744768,0.990619483737838,0.661294661805571,0.417870945932564,0.686809633258189,1,0.701560193063584,0.0402655312580129
"MWI.13.9_1","MWI","Malawi","MWI.13_1","Mangochi",NA,"TA Jalasi",NA,NA,"Traditional Authority","Traditional Authority",NA,NA,"mangochi",0.532915351934108,0.460349149744768,0.990619483737838,0.661294661805571,0.417870945932564,0.686809633258189,1,0.701560193063584,0.0402655312580129
"MWI.13.10_1","MWI","Malawi","MWI.13_1","Mangochi",NA,"TA Katuli",NA,NA,"Traditional Authority","Traditional Authority",NA,NA,"mangochi",0.532915351934108,0.460349149744768,0.990619483737838,0.661294661805571,0.417870945932564,0.686809633258189,1,0.701560193063584,0.0402655312580129
"MWI.13.11_1","MWI","Malawi","MWI.13_1","Mangochi",NA,"TA Makanjila",NA,NA,"Traditional Authority","Traditional Authority",NA,NA,"mangochi",0.532915351934108,0.460349149744768,0.990619483737838,0.661294661805571,0.417870945932564,0.686809633258189,1,0.701560193063584,0.0402655312580129
"MWI.13.12_1","MWI","Malawi","MWI.13_1","Mangochi",NA,"TA Mponda",NA,NA,"Traditional Authority","Traditional Authority",NA,NA,"mangochi",0.532915351934108,0.460349149744768,0.990619483737838,0.661294661805571,0.417870945932564,0.686809633258189,1,0.701560193063584,0.0402655312580129
"MWI.13.13_1","MWI","Malawi","MWI.13_1","Mangochi",NA,"TA Nankumba",NA,NA,"Traditional Authority","Traditional Authority",NA,NA,"mangochi",0.532915351934108,0.460349149744768,0.990619483737838,0.661294661805571,0.417870945932564,0.686809633258189,1,0.701560193063584,0.0402655312580129
"MWI.14.1_1","MWI","Malawi","MWI.14_1","Mchinji",NA,"Mchinji Boma",NA,NA,"Boma","Headquarter",NA,NA,"mchinji",0.579492204817507,0.515028320938251,0.995510099940644,0.696676875232134,0.291379249054658,0.661441851894223,1,0.65094036698296,-0.0457365082491737
"MWI.14.2_1","MWI","Malawi","MWI.14_1","Mchinji",NA,"SC Dambe",NA,NA,"Sub-chief","Sub-chief",NA,NA,"mchinji",0.579492204817507,0.515028320938251,0.995510099940644,0.696676875232134,0.291379249054658,0.661441851894223,1,0.65094036698296,-0.0457365082491737
"MWI.14.3_1","MWI","Malawi","MWI.14_1","Mchinji",NA,"SC Mavwere",NA,NA,"Sub-chief","Sub-chief",NA,NA,"mchinji",0.579492204817507,0.515028320938251,0.995510099940644,0.696676875232134,0.291379249054658,0.661441851894223,1,0.65094036698296,-0.0457365082491737
"MWI.14.4_1","MWI","Malawi","MWI.14_1","Mchinji",NA,"SC Mduwa",NA,NA,"Sub-chief","Sub-chief",NA,NA,"mchinji",0.579492204817507,0.515028320938251,0.995510099940644,0.696676875232134,0.291379249054658,0.661441851894223,1,0.65094036698296,-0.0457365082491737
"MWI.14.5_1","MWI","Malawi","MWI.14_1","Mchinji",NA,"TA Mkanda",NA,NA,"Traditional Authority","Traditional Authority",NA,NA,"mchinji",0.579492204817507,0.515028320938251,0.995510099940644,0.696676875232134,0.291379249054658,0.661441851894223,1,0.65094036698296,-0.0457365082491737
"MWI.14.6_1","MWI","Malawi","MWI.14_1","Mchinji",NA,"TA Mlonyeni",NA,NA,"Traditional Authority","Traditional Authority",NA,NA,"mchinji",0.579492204817507,0.515028320938251,0.995510099940644,0.696676875232134,0.291379249054658,0.661441851894223,1,0.65094036698296,-0.0457365082491737
"MWI.14.7_1","MWI","Malawi","MWI.14_1","Mchinji",NA,"TA Zulu",NA,NA,"Traditional Authority","Traditional Authority",NA,NA,"mchinji",0.579492204817507,0.515028320938251,0.995510099940644,0.696676875232134,0.291379249054658,0.661441851894223,1,0.65094036698296,-0.0457365082491737
"MWI.15.1_1","MWI","Malawi","MWI.15_1","Mulanje",NA,"Mulanje Boma",NA,NA,"Boma","Headquarter",NA,NA,"mulanje",0.492496118615862,0.454960536250413,0.991801215978917,0.646419290281731,0.332509171828527,0.660142876571677,0.986580246289524,0.65974409822991,0.0133248079481793
"MWI.15.2_1","MWI","Malawi","MWI.15_1","Mulanje",NA,"Mulanje Mountain Forest Reserve",NA,NA,"Reserve","Reserve",NA,NA,"mulanje",0.492496118615862,0.454960536250413,0.991801215978917,0.646419290281731,0.332509171828527,0.660142876571677,0.986580246289524,0.65974409822991,0.0133248079481793
"MWI.15.3_1","MWI","Malawi","MWI.15_1","Mulanje",NA,"SC Juma",NA,NA,"Sub-chief","Sub-chief",NA,NA,"mulanje",0.492496118615862,0.454960536250413,0.991801215978917,0.646419290281731,0.332509171828527,0.660142876571677,0.986580246289524,0.65974409822991,0.0133248079481793
"MWI.15.4_1","MWI","Malawi","MWI.15_1","Mulanje",NA,"SC Laston Njema",NA,NA,"Sub-chief","Sub-chief",NA,NA,"mulanje",0.492496118615862,0.454960536250413,0.991801215978917,0.646419290281731,0.332509171828527,0.660142876571677,0.986580246289524,0.65974409822991,0.0133248079481793
"MWI.15.5_1","MWI","Malawi","MWI.15_1","Mulanje",NA,"TA Chikumbu",NA,NA,"Traditional Authority","Traditional Authority",NA,NA,"mulanje",0.492496118615862,0.454960536250413,0.991801215978917,0.646419290281731,0.332509171828527,0.660142876571677,0.986580246289524,0.65974409822991,0.0133248079481793
"MWI.15.6_1","MWI","Malawi","MWI.15_1","Mulanje",NA,"TA Mabuka",NA,NA,"Traditional Authority","Traditional Authority",NA,NA,"mulanje",0.492496118615862,0.454960536250413,0.991801215978917,0.646419290281731,0.332509171828527,0.660142876571677,0.986580246289524,0.65974409822991,0.0133248079481793
"MWI.15.7_1","MWI","Malawi","MWI.15_1","Mulanje",NA,"TA Nkanda",NA,NA,"Traditional Authority","Traditional Authority",NA,NA,"mulanje",0.492496118615862,0.454960536250413,0.991801215978917,0.646419290281731,0.332509171828527,0.660142876571677,0.986580246289524,0.65974409822991,0.0133248079481793
"MWI.15.8_1","MWI","Malawi","MWI.15_1","Mulanje",NA,"TA Nthiramanja",NA,NA,"Traditional Authority","Traditional Authority",NA,NA,"mulanje",0.492496118615862,0.454960536250413,0.991801215978917,0.646419290281731,0.332509171828527,0.660142876571677,0.986580246289524,0.65974409822991,0.0133248079481793
"MWI.16.1_1","MWI","Malawi","MWI.16_1","Mwanza",NA,"Majete Game Reserve - Mwanza",NA,NA,"Reserve","Reserve",NA,NA,"mwanza",0.534213617907306,0.382211201260869,0.962961868331011,0.626462229166395,0.341599780346997,0.649977329787794,0.993461419478468,0.661679509871086,0.0352172807046909
"MWI.16.2_1","MWI","Malawi","MWI.16_1","Mwanza",NA,"Mwanza Boma",NA,NA,"Boma","Headquarter",NA,NA,"mwanza",0.534213617907306,0.382211201260869,0.962961868331011,0.626462229166395,0.341599780346997,0.649977329787794,0.993461419478468,0.661679509871086,0.0352172807046909
"MWI.16.3_1","MWI","Malawi","MWI.16_1","Mwanza",NA,"TA Kanduku",NA,NA,"Traditional Authority","Traditional Authority",NA,NA,"mwanza",0.534213617907306,0.382211201260869,0.962961868331011,0.626462229166395,0.341599780346997,0.649977329787794,0.993461419478468,0.661679509871086,0.0352172807046909
"MWI.16.4_1","MWI","Malawi","MWI.16_1","Mwanza",NA,"TA Nthache",NA,NA,"Traditional Authority","Traditional Authority",NA,NA,"mwanza",0.534213617907306,0.382211201260869,0.962961868331011,0.626462229166395,0.341599780346997,0.649977329787794,0.993461419478468,0.661679509871086,0.0352172807046909
"MWI.17.1_1","MWI","Malawi","MWI.17_1","Mzimba",NA,"Mzimba Boma",NA,NA,"Boma","Headquarter",NA,NA,"mzimba",0.520270585234879,0.570601821041784,0.989240523536087,0.69337097660425,0.335627834211228,0.598262220701718,1,0.644630018304315,-0.048740958299935
"MWI.17.2_1","MWI","Malawi","MWI.17_1","Mzimba",NA,"Mzuzu City",NA,NA,"City","City",NA,NA,"mzimba",0.520270585234879,0.570601821041784,0.989240523536087,0.69337097660425,0.335627834211228,0.598262220701718,1,0.644630018304315,-0.048740958299935
"MWI.17.3_1","MWI","Malawi","MWI.17_1","Mzimba",NA,"SC Jaravikuba Munthali",NA,NA,"Sub-chief","Sub-chief",NA,NA,"mzimba",0.520270585234879,0.570601821041784,0.989240523536087,0.69337097660425,0.335627834211228,0.598262220701718,1,0.644630018304315,-0.048740958299935
"MWI.17.4_1","MWI","Malawi","MWI.17_1","Mzimba",NA,"SC Kampingo Sibande",NA,NA,"Sub-chief","Sub-chief",NA,NA,"mzimba",0.520270585234879,0.570601821041784,0.989240523536087,0.69337097660425,0.335627834211228,0.598262220701718,1,0.644630018304315,-0.048740958299935
"MWI.17.5_1","MWI","Malawi","MWI.17_1","Mzimba",NA,"SC Khosolo Gwaza Jere",NA,NA,"Sub-chief","Sub-chief",NA,NA,"mzimba",0.520270585234879,0.570601821041784,0.989240523536087,0.69337097660425,0.335627834211228,0.598262220701718,1,0.644630018304315,-0.048740958299935
"MWI.17.6_1","MWI","Malawi","MWI.17_1","Mzimba",NA,"TA Chindi",NA,NA,"Traditional Authority","Traditional Authority",NA,NA,"mzimba",0.520270585234879,0.570601821041784,0.989240523536087,0.69337097660425,0.335627834211228,0.598262220701718,1,0.644630018304315,-0.048740958299935
"MWI.17.7_1","MWI","Malawi","MWI.17_1","Mzimba",NA,"TA M'Mbelwa",NA,NA,"Traditional Authority","Traditional Authority",NA,NA,"mzimba",0.520270585234879,0.570601821041784,0.989240523536087,0.69337097660425,0.335627834211228,0.598262220701718,1,0.644630018304315,-0.048740958299935
"MWI.17.8_1","MWI","Malawi","MWI.17_1","Mzimba",NA,"TA Mabulabo",NA,NA,"Traditional Authority","Traditional Authority",NA,NA,"mzimba",0.520270585234879,0.570601821041784,0.989240523536087,0.69337097660425,0.335627834211228,0.598262220701718,1,0.644630018304315,-0.048740958299935
"MWI.17.9_1","MWI","Malawi","MWI.17_1","Mzimba",NA,"TA Mpherembe",NA,NA,"Traditional Authority","Traditional Authority",NA,NA,"mzimba",0.520270585234879,0.570601821041784,0.989240523536087,0.69337097660425,0.335627834211228,0.598262220701718,1,0.644630018304315,-0.048740958299935
"MWI.17.10_1","MWI","Malawi","MWI.17_1","Mzimba",NA,"TA Mtwalo",NA,NA,"Traditional Authority","Traditional Authority",NA,NA,"mzimba",0.520270585234879,0.570601821041784,0.989240523536087,0.69337097660425,0.335627834211228,0.598262220701718,1,0.644630018304315,-0.048740958299935
"MWI.17.11_1","MWI","Malawi","MWI.17_1","Mzimba",NA,"TA Mzikubola",NA,NA,"Traditional Authority","Traditional Authority",NA,NA,"mzimba",0.520270585234879,0.570601821041784,0.989240523536087,0.69337097660425,0.335627834211228,0.598262220701718,1,0.644630018304315,-0.048740958299935
"MWI.17.12_1","MWI","Malawi","MWI.17_1","Mzimba",NA,"TA Mzukuzuku",NA,NA,"Traditional Authority","Traditional Authority",NA,NA,"mzimba",0.520270585234879,0.570601821041784,0.989240523536087,0.69337097660425,0.335627834211228,0.598262220701718,1,0.644630018304315,-0.048740958299935
"MWI.17.13_1","MWI","Malawi","MWI.17_1","Mzimba",NA,"Vwaza Marsh Game Reserve - Mzimb",NA,NA,"Reserve","Reserve",NA,NA,"mzimba",0.520270585234879,0.570601821041784,0.989240523536087,0.69337097660425,0.335627834211228,0.598262220701718,1,0.644630018304315,-0.048740958299935
"MWI.18.1_1","MWI","Malawi","MWI.18_1","Neno",NA,"Majete Game Reserve - Neno",NA,NA,"Reserve","Reserve",NA,NA,"neno",0.569055518212048,0.567608948069125,0.998054624606932,0.711573030296035,0.350512504412663,0.79436091409964,1,0.714957806170768,0.00338477587473307
"MWI.18.2_1","MWI","Malawi","MWI.18_1","Neno",NA,"TA Dambe",NA,NA,"Traditional Authority","Traditional Authority",NA,NA,"neno",0.569055518212048,0.567608948069125,0.998054624606932,0.711573030296035,0.350512504412663,0.79436091409964,1,0.714957806170768,0.00338477587473307
"MWI.18.3_1","MWI","Malawi","MWI.18_1","Neno",NA,"TA Mlauli",NA,NA,"Traditional Authority","Traditional Authority",NA,NA,"neno",0.569055518212048,0.567608948069125,0.998054624606932,0.711573030296035,0.350512504412663,0.79436091409964,1,0.714957806170768,0.00338477587473307
"MWI.18.4_1","MWI","Malawi","MWI.18_1","Neno",NA,"TA Ngozi",NA,NA,"Traditional Authority","Traditional Authority",NA,NA,"neno",0.569055518212048,0.567608948069125,0.998054624606932,0.711573030296035,0.350512504412663,0.79436091409964,1,0.714957806170768,0.00338477587473307
"MWI.18.5_1","MWI","Malawi","MWI.18_1","Neno",NA,"TA Symon",NA,NA,"Traditional Authority","Traditional Authority",NA,NA,"neno",0.569055518212048,0.567608948069125,0.998054624606932,0.711573030296035,0.350512504412663,0.79436091409964,1,0.714957806170768,0.00338477587473307
"MWI.19.1_1","MWI","Malawi","MWI.19_1","Nkhata Bay",NA,"Lake Malawi",NA,NA,"Water body","Water body",NA,NA,"nkhata bay",0.488692330968697,0.573704100023521,1,0.687465476997406,0.367390337739463,0.744773278708593,1,0.704054538816018,0.0165890618186124
"MWI.19.2_1","MWI","Malawi","MWI.19_1","Nkhata Bay",NA,"SC Fukamalaza",NA,NA,"Sub-chief","Sub-chief",NA,NA,"nkhata bay",0.488692330968697,0.573704100023521,1,0.687465476997406,0.367390337739463,0.744773278708593,1,0.704054538816018,0.0165890618186124
"MWI.19.3_1","MWI","Malawi","MWI.19_1","Nkhata Bay",NA,"SC Malanda",NA,NA,"Sub-chief","Sub-chief",NA,NA,"nkhata bay",0.488692330968697,0.573704100023521,1,0.687465476997406,0.367390337739463,0.744773278708593,1,0.704054538816018,0.0165890618186124
"MWI.19.4_1","MWI","Malawi","MWI.19_1","Nkhata Bay",NA,"SC Nyaluwanga",NA,NA,"Sub-chief","Sub-chief",NA,NA,"nkhata bay",0.488692330968697,0.573704100023521,1,0.687465476997406,0.367390337739463,0.744773278708593,1,0.704054538816018,0.0165890618186124
"MWI.19.5_1","MWI","Malawi","MWI.19_1","Nkhata Bay",NA,"SC Zilakoma",NA,NA,"Sub-chief","Sub-chief",NA,NA,"nkhata bay",0.488692330968697,0.573704100023521,1,0.687465476997406,0.367390337739463,0.744773278708593,1,0.704054538816018,0.0165890618186124
"MWI.19.6_1","MWI","Malawi","MWI.19_1","Nkhata Bay",NA,"TA Fukamapiri",NA,NA,"Traditional Authority","Traditional Authority",NA,NA,"nkhata bay",0.488692330968697,0.573704100023521,1,0.687465476997406,0.367390337739463,0.744773278708593,1,0.704054538816018,0.0165890618186124
"MWI.19.7_1","MWI","Malawi","MWI.19_1","Nkhata Bay",NA,"TA Kabunduli",NA,NA,"Traditional Authority","Traditional Authority",NA,NA,"nkhata bay",0.488692330968697,0.573704100023521,1,0.687465476997406,0.367390337739463,0.744773278708593,1,0.704054538816018,0.0165890618186124
"MWI.19.8_1","MWI","Malawi","MWI.19_1","Nkhata Bay",NA,"TA Malenga Mzoma",NA,NA,"Traditional Authority","Traditional Authority",NA,NA,"nkhata bay",0.488692330968697,0.573704100023521,1,0.687465476997406,0.367390337739463,0.744773278708593,1,0.704054538816018,0.0165890618186124
"MWI.19.9_1","MWI","Malawi","MWI.19_1","Nkhata Bay",NA,"TA Musisya",NA,NA,"Traditional Authority","Traditional Authority",NA,NA,"nkhata bay",0.488692330968697,0.573704100023521,1,0.687465476997406,0.367390337739463,0.744773278708593,1,0.704054538816018,0.0165890618186124
"MWI.19.10_1","MWI","Malawi","MWI.19_1","Nkhata Bay",NA,"TA Timbiri",NA,NA,"Traditional Authority","Traditional Authority",NA,NA,"nkhata bay",0.488692330968697,0.573704100023521,1,0.687465476997406,0.367390337739463,0.744773278708593,1,0.704054538816018,0.0165890618186124
"MWI.20.1_1","MWI","Malawi","MWI.20_1","Nkhotakota",NA,"Lake Malawi",NA,NA,"Water body","Water body",NA,NA,"nkhotakota",0.472014625202256,0.466413716039662,0.997435868108787,0.645288069783569,0.365082863633329,0.667363044805913,0.989380299259467,0.673942069232903,0.0286539994493342
"MWI.20.2_1","MWI","Malawi","MWI.20_1","Nkhotakota",NA,"Nkhotakota Boma",NA,NA,"Boma","Headquarter",NA,NA,"nkhotakota",0.472014625202256,0.466413716039662,0.997435868108787,0.645288069783569,0.365082863633329,0.667363044805913,0.989380299259467,0.673942069232903,0.0286539994493342
"MWI.20.3_1","MWI","Malawi","MWI.20_1","Nkhotakota",NA,"Nkhotakota Game Reserve",NA,NA,"Reserve","Reserve",NA,NA,"nkhotakota",0.472014625202256,0.466413716039662,0.997435868108787,0.645288069783569,0.365082863633329,0.667363044805913,0.989380299259467,0.673942069232903,0.0286539994493342
"MWI.20.4_1","MWI","Malawi","MWI.20_1","Nkhotakota",NA,"SC Kafuzila",NA,NA,"Sub-chief","Sub-chief",NA,NA,"nkhotakota",0.472014625202256,0.466413716039662,0.997435868108787,0.645288069783569,0.365082863633329,0.667363044805913,0.989380299259467,0.673942069232903,0.0286539994493342
"MWI.20.5_1","MWI","Malawi","MWI.20_1","Nkhotakota",NA,"SC Mphonde",NA,NA,"Sub-chief","Sub-chief",NA,NA,"nkhotakota",0.472014625202256,0.466413716039662,0.997435868108787,0.645288069783569,0.365082863633329,0.667363044805913,0.989380299259467,0.673942069232903,0.0286539994493342
"MWI.20.6_1","MWI","Malawi","MWI.20_1","Nkhotakota",NA,"SC Mwansambo",NA,NA,"Sub-chief","Sub-chief",NA,NA,"nkhotakota",0.472014625202256,0.466413716039662,0.997435868108787,0.645288069783569,0.365082863633329,0.667363044805913,0.989380299259467,0.673942069232903,0.0286539994493342
"MWI.20.7_1","MWI","Malawi","MWI.20_1","Nkhotakota",NA,"TA Kanyenda",NA,NA,"Traditional Authority","Traditional Authority",NA,NA,"nkhotakota",0.472014625202256,0.466413716039662,0.997435868108787,0.645288069783569,0.365082863633329,0.667363044805913,0.989380299259467,0.673942069232903,0.0286539994493342
"MWI.20.8_1","MWI","Malawi","MWI.20_1","Nkhotakota",NA,"TA Malenga Chanzi",NA,NA,"Traditional Authority","Traditional Authority",NA,NA,"nkhotakota",0.472014625202256,0.466413716039662,0.997435868108787,0.645288069783569,0.365082863633329,0.667363044805913,0.989380299259467,0.673942069232903,0.0286539994493342
"MWI.20.9_1","MWI","Malawi","MWI.20_1","Nkhotakota",NA,"TA Mwadzama",NA,NA,"Traditional Authority","Traditional Authority",NA,NA,"nkhotakota",0.472014625202256,0.466413716039662,0.997435868108787,0.645288069783569,0.365082863633329,0.667363044805913,0.989380299259467,0.673942069232903,0.0286539994493342
"MWI.21.1_1","MWI","Malawi","MWI.21_1","Nsanje",NA,"Mwabvi Game Reserve",NA,NA,"Reserve","Reserve",NA,NA,"nsanje",0.580197989324176,0.435815554177198,0.99421943407632,0.670077659192565,0.35685168498074,0.661333760290675,0.994114059229651,0.670766501500355,0.000688842307790538
"MWI.21.2_1","MWI","Malawi","MWI.21_1","Nsanje",NA,"Nsanje Boma",NA,NA,"Boma","Headquarter",NA,NA,"nsanje",0.580197989324176,0.435815554177198,0.99421943407632,0.670077659192565,0.35685168498074,0.661333760290675,0.994114059229651,0.670766501500355,0.000688842307790538
"MWI.21.3_1","MWI","Malawi","MWI.21_1","Nsanje",NA,"SC Makoka",NA,NA,"Sub-chief","Sub-chief",NA,NA,"nsanje",0.580197989324176,0.435815554177198,0.99421943407632,0.670077659192565,0.35685168498074,0.661333760290675,0.994114059229651,0.670766501500355,0.000688842307790538
"MWI.21.4_1","MWI","Malawi","MWI.21_1","Nsanje",NA,"SC Mbenje",NA,NA,"Sub-chief","Sub-chief",NA,NA,"nsanje",0.580197989324176,0.435815554177198,0.99421943407632,0.670077659192565,0.35685168498074,0.661333760290675,0.994114059229651,0.670766501500355,0.000688842307790538
"MWI.21.5_1","MWI","Malawi","MWI.21_1","Nsanje",NA,"TA Chimombo",NA,NA,"Traditional Authority","Traditional Authority",NA,NA,"nsanje",0.580197989324176,0.435815554177198,0.99421943407632,0.670077659192565,0.35685168498074,0.661333760290675,0.994114059229651,0.670766501500355,0.000688842307790538
"MWI.21.6_1","MWI","Malawi","MWI.21_1","Nsanje",NA,"TA Malemia",NA,NA,"Traditional Authority","Traditional Authority",NA,NA,"nsanje",0.580197989324176,0.435815554177198,0.99421943407632,0.670077659192565,0.35685168498074,0.661333760290675,0.994114059229651,0.670766501500355,0.000688842307790538
"MWI.21.7_1","MWI","Malawi","MWI.21_1","Nsanje",NA,"TA Mlolo",NA,NA,"Traditional Authority","Traditional Authority",NA,NA,"nsanje",0.580197989324176,0.435815554177198,0.99421943407632,0.670077659192565,0.35685168498074,0.661333760290675,0.994114059229651,0.670766501500355,0.000688842307790538
"MWI.21.8_1","MWI","Malawi","MWI.21_1","Nsanje",NA,"TA Ndamera",NA,NA,"Traditional Authority","Traditional Authority",NA,NA,"nsanje",0.580197989324176,0.435815554177198,0.99421943407632,0.670077659192565,0.35685168498074,0.661333760290675,0.994114059229651,0.670766501500355,0.000688842307790538
"MWI.21.9_1","MWI","Malawi","MWI.21_1","Nsanje",NA,"TA Ngabu",NA,NA,"Traditional Authority","Traditional Authority",NA,NA,"nsanje",0.580197989324176,0.435815554177198,0.99421943407632,0.670077659192565,0.35685168498074,0.661333760290675,0.994114059229651,0.670766501500355,0.000688842307790538
"MWI.21.10_1","MWI","Malawi","MWI.21_1","Nsanje",NA,"TA Nyachikadza",NA,NA,"Traditional Authority","Traditional Authority",NA,NA,"nsanje",0.580197989324176,0.435815554177198,0.99421943407632,0.670077659192565,0.35685168498074,0.661333760290675,0.994114059229651,0.670766501500355,0.000688842307790538
"MWI.21.11_1","MWI","Malawi","MWI.21_1","Nsanje",NA,"TA Tengani",NA,NA,"Traditional Authority","Traditional Authority",NA,NA,"nsanje",0.580197989324176,0.435815554177198,0.99421943407632,0.670077659192565,0.35685168498074,0.661333760290675,0.994114059229651,0.670766501500355,0.000688842307790538
"MWI.22.1_1","MWI","Malawi","MWI.22_1","Ntcheu",NA,"Ntcheu Boma",NA,NA,"Boma","Headquarter",NA,NA,"ntcheu",0.509531452359625,0.495816720682547,0.994076116089765,0.666474763043979,0.34425020679603,0.622701788671605,1,0.655650665155878,-0.0108240978881005
"MWI.22.2_1","MWI","Malawi","MWI.22_1","Ntcheu",NA,"SC Champiti",NA,NA,"Sub-chief","Sub-chief",NA,NA,"ntcheu",0.509531452359625,0.495816720682547,0.994076116089765,0.666474763043979,0.34425020679603,0.622701788671605,1,0.655650665155878,-0.0108240978881005
"MWI.22.3_1","MWI","Malawi","MWI.22_1","Ntcheu",NA,"SC Goodson Ganya",NA,NA,"Sub-chief","Sub-chief",NA,NA,"ntcheu",0.509531452359625,0.495816720682547,0.994076116089765,0.666474763043979,0.34425020679603,0.622701788671605,1,0.655650665155878,-0.0108240978881005
"MWI.22.4_1","MWI","Malawi","MWI.22_1","Ntcheu",NA,"SC Makwangwala",NA,NA,"Sub-chief","Sub-chief",NA,NA,"ntcheu",0.509531452359625,0.495816720682547,0.994076116089765,0.666474763043979,0.34425020679603,0.622701788671605,1,0.655650665155878,-0.0108240978881005
"MWI.22.5_1","MWI","Malawi","MWI.22_1","Ntcheu",NA,"TA Chakhumbira",NA,NA,"Traditional Authority","Traditional Authority",NA,NA,"ntcheu",0.509531452359625,0.495816720682547,0.994076116089765,0.666474763043979,0.34425020679603,0.622701788671605,1,0.655650665155878,-0.0108240978881005
"MWI.22.6_1","MWI","Malawi","MWI.22_1","Ntcheu",NA,"TA Kwataine",NA,NA,"Traditional Authority","Traditional Authority",NA,NA,"ntcheu",0.509531452359625,0.495816720682547,0.994076116089765,0.666474763043979,0.34425020679603,0.622701788671605,1,0.655650665155878,-0.0108240978881005
"MWI.22.7_1","MWI","Malawi","MWI.22_1","Ntcheu",NA,"TA Masasa",NA,NA,"Traditional Authority","Traditional Authority",NA,NA,"ntcheu",0.509531452359625,0.495816720682547,0.994076116089765,0.666474763043979,0.34425020679603,0.622701788671605,1,0.655650665155878,-0.0108240978881005
"MWI.22.8_1","MWI","Malawi","MWI.22_1","Ntcheu",NA,"TA Mpando",NA,NA,"Traditional Authority","Traditional Authority",NA,NA,"ntcheu",0.509531452359625,0.495816720682547,0.994076116089765,0.666474763043979,0.34425020679603,0.622701788671605,1,0.655650665155878,-0.0108240978881005
"MWI.22.9_1","MWI","Malawi","MWI.22_1","Ntcheu",NA,"TA Njolomole",NA,NA,"Traditional Authority","Traditional Authority",NA,NA,"ntcheu",0.509531452359625,0.495816720682547,0.994076116089765,0.666474763043979,0.34425020679603,0.622701788671605,1,0.655650665155878,-0.0108240978881005
"MWI.22.10_1","MWI","Malawi","MWI.22_1","Ntcheu",NA,"TA Phambala",NA,NA,"Traditional Authority","Traditional Authority",NA,NA,"ntcheu",0.509531452359625,0.495816720682547,0.994076116089765,0.666474763043979,0.34425020679603,0.622701788671605,1,0.655650665155878,-0.0108240978881005
"MWI.23.1_1","MWI","Malawi","MWI.23_1","Ntchisi",NA,"Ntchisi Boma",NA,NA,"Boma","Headquarter",NA,NA,"ntchisi",0.583050068677112,0.564847711583938,0.992531003021858,0.713476261094303,0.314750098758329,0.67850282479935,1,0.664417641185893,-0.0490586199084098
"MWI.23.2_1","MWI","Malawi","MWI.23_1","Ntchisi",NA,"SC Chilooko",NA,NA,"Sub-chief","Sub-chief",NA,NA,"ntchisi",0.583050068677112,0.564847711583938,0.992531003021858,0.713476261094303,0.314750098758329,0.67850282479935,1,0.664417641185893,-0.0490586199084098
"MWI.23.3_1","MWI","Malawi","MWI.23_1","Ntchisi",NA,"SC Nthondo",NA,NA,"Sub-chief","Sub-chief",NA,NA,"ntchisi",0.583050068677112,0.564847711583938,0.992531003021858,0.713476261094303,0.314750098758329,0.67850282479935,1,0.664417641185893,-0.0490586199084098
"MWI.23.4_1","MWI","Malawi","MWI.23_1","Ntchisi",NA,"TA Chikho",NA,NA,"Traditional Authority","Traditional Authority",NA,NA,"ntchisi",0.583050068677112,0.564847711583938,0.992531003021858,0.713476261094303,0.314750098758329,0.67850282479935,1,0.664417641185893,-0.0490586199084098
"MWI.23.5_1","MWI","Malawi","MWI.23_1","Ntchisi",NA,"TA Kalumo",NA,NA,"Traditional Authority","Traditional Authority",NA,NA,"ntchisi",0.583050068677112,0.564847711583938,0.992531003021858,0.713476261094303,0.314750098758329,0.67850282479935,1,0.664417641185893,-0.0490586199084098
"MWI.23.6_1","MWI","Malawi","MWI.23_1","Ntchisi",NA,"TA Kasakula",NA,NA,"Traditional Authority","Traditional Authority",NA,NA,"ntchisi",0.583050068677112,0.564847711583938,0.992531003021858,0.713476261094303,0.314750098758329,0.67850282479935,1,0.664417641185893,-0.0490586199084098
"MWI.23.7_1","MWI","Malawi","MWI.23_1","Ntchisi",NA,"TA Kasukula",NA,NA,"Traditional Authority","Traditional Authority",NA,NA,"ntchisi",0.583050068677112,0.564847711583938,0.992531003021858,0.713476261094303,0.314750098758329,0.67850282479935,1,0.664417641185893,-0.0490586199084098
"MWI.24.1_1","MWI","Malawi","MWI.24_1","Phalombe",NA,"Lake Chilwa",NA,NA,"Water body","Water body",NA,NA,"phalombe",0.540153168618156,0.622274578282778,0.993692952446221,0.718706899782385,0.305809717540652,0.582434179623587,1,0.62941463238808,-0.0892922673943054
"MWI.24.2_1","MWI","Malawi","MWI.24_1","Phalombe",NA,"TA Mkhumba",NA,NA,"Traditional Authority","Traditional Authority",NA,NA,"phalombe",0.540153168618156,0.622274578282778,0.993692952446221,0.718706899782385,0.305809717540652,0.582434179623587,1,0.62941463238808,-0.0892922673943054
"MWI.24.3_1","MWI","Malawi","MWI.24_1","Phalombe",NA,"TA Nazombe",NA,NA,"Traditional Authority","Traditional Authority",NA,NA,"phalombe",0.540153168618156,0.622274578282778,0.993692952446221,0.718706899782385,0.305809717540652,0.582434179623587,1,0.62941463238808,-0.0892922673943054
"MWI.25.1_1","MWI","Malawi","MWI.25_1","Rumphi",NA,"Lake Malawi",NA,NA,"Water body","Water body",NA,NA,"rumphi",0.521247173222584,0.438771090087405,0.999048325928869,0.653022196412953,0.313219582761156,0.607364984966566,1,0.640194855909241,-0.0128273405037117
"MWI.25.2_1","MWI","Malawi","MWI.25_1","Rumphi",NA,"Nyika National Park - Rumphi",NA,NA,"National Park","National Park",NA,NA,"rumphi",0.521247173222584,0.438771090087405,0.999048325928869,0.653022196412953,0.313219582761156,0.607364984966566,1,0.640194855909241,-0.0128273405037117
"MWI.25.3_1","MWI","Malawi","MWI.25_1","Rumphi",NA,"Rumphi Boma",NA,NA,"Boma","Headquarter",NA,NA,"rumphi",0.521247173222584,0.438771090087405,0.999048325928869,0.653022196412953,0.313219582761156,0.607364984966566,1,0.640194855909241,-0.0128273405037117
"MWI.25.4_1","MWI","Malawi","MWI.25_1","Rumphi",NA,"SC Chapinduka",NA,NA,"Sub-chief","Sub-chief",NA,NA,"rumphi",0.521247173222584,0.438771090087405,0.999048325928869,0.653022196412953,0.313219582761156,0.607364984966566,1,0.640194855909241,-0.0128273405037117
"MWI.25.5_1","MWI","Malawi","MWI.25_1","Rumphi",NA,"SC Kachulu",NA,NA,"Sub-chief","Sub-chief",NA,NA,"rumphi",0.521247173222584,0.438771090087405,0.999048325928869,0.653022196412953,0.313219582761156,0.607364984966566,1,0.640194855909241,-0.0128273405037117
"MWI.25.6_1","MWI","Malawi","MWI.25_1","Rumphi",NA,"SC Mwahenga",NA,NA,"Sub-chief","Sub-chief",NA,NA,"rumphi",0.521247173222584,0.438771090087405,0.999048325928869,0.653022196412953,0.313219582761156,0.607364984966566,1,0.640194855909241,-0.0128273405037117
"MWI.25.7_1","MWI","Malawi","MWI.25_1","Rumphi",NA,"SC Mwalweni",NA,NA,"Sub-chief","Sub-chief",NA,NA,"rumphi",0.521247173222584,0.438771090087405,0.999048325928869,0.653022196412953,0.313219582761156,0.607364984966566,1,0.640194855909241,-0.0128273405037117
"MWI.25.8_1","MWI","Malawi","MWI.25_1","Rumphi",NA,"SC Mwankhunikira",NA,NA,"Sub-chief","Sub-chief",NA,NA,"rumphi",0.521247173222584,0.438771090087405,0.999048325928869,0.653022196412953,0.313219582761156,0.607364984966566,1,0.640194855909241,-0.0128273405037117
"MWI.25.9_1","MWI","Malawi","MWI.25_1","Rumphi",NA,"TA Chikulamayembe",NA,NA,"Traditional Authority","Traditional Authority",NA,NA,"rumphi",0.521247173222584,0.438771090087405,0.999048325928869,0.653022196412953,0.313219582761156,0.607364984966566,1,0.640194855909241,-0.0128273405037117
"MWI.25.10_1","MWI","Malawi","MWI.25_1","Rumphi",NA,"TA Katumbi",NA,NA,"Traditional Authority","Traditional Authority",NA,NA,"rumphi",0.521247173222584,0.438771090087405,0.999048325928869,0.653022196412953,0.313219582761156,0.607364984966566,1,0.640194855909241,-0.0128273405037117
"MWI.25.11_1","MWI","Malawi","MWI.25_1","Rumphi",NA,"TA Mwamlowe",NA,NA,"Traditional Authority","Traditional Authority",NA,NA,"rumphi",0.521247173222584,0.438771090087405,0.999048325928869,0.653022196412953,0.313219582761156,0.607364984966566,1,0.640194855909241,-0.0128273405037117
"MWI.25.12_1","MWI","Malawi","MWI.25_1","Rumphi",NA,"Vwaza Marsh Game Reserve - Rumph",NA,NA,"Reserve","Reserve",NA,NA,"rumphi",0.521247173222584,0.438771090087405,0.999048325928869,0.653022196412953,0.313219582761156,0.607364984966566,1,0.640194855909241,-0.0128273405037117
"MWI.26.1_1","MWI","Malawi","MWI.26_1","Salima",NA,"Lake Malawi",NA,NA,"Water body","Water body",NA,NA,"salima",0.561969469572714,0.434509359213226,0.993083319185931,0.66318738265729,0.349752209922944,0.592738961948886,0.995601180516368,0.646030784129399,-0.0171565985278908
"MWI.26.2_1","MWI","Malawi","MWI.26_1","Salima",NA,"Salima Town",NA,NA,"Town","Town",NA,NA,"salima",0.561969469572714,0.434509359213226,0.993083319185931,0.66318738265729,0.349752209922944,0.592738961948886,0.995601180516368,0.646030784129399,-0.0171565985278908
"MWI.26.3_1","MWI","Malawi","MWI.26_1","Salima",NA,"SC Kambalame",NA,NA,"Sub-chief","Sub-chief",NA,NA,"salima",0.561969469572714,0.434509359213226,0.993083319185931,0.66318738265729,0.349752209922944,0.592738961948886,0.995601180516368,0.646030784129399,-0.0171565985278908
"MWI.26.4_1","MWI","Malawi","MWI.26_1","Salima",NA,"SC Kambwiri",NA,NA,"Sub-chief","Sub-chief",NA,NA,"salima",0.561969469572714,0.434509359213226,0.993083319185931,0.66318738265729,0.349752209922944,0.592738961948886,0.995601180516368,0.646030784129399,-0.0171565985278908
"MWI.26.5_1","MWI","Malawi","MWI.26_1","Salima",NA,"SC Mwanza",NA,NA,"Sub-chief","Sub-chief",NA,NA,"salima",0.561969469572714,0.434509359213226,0.993083319185931,0.66318738265729,0.349752209922944,0.592738961948886,0.995601180516368,0.646030784129399,-0.0171565985278908
"MWI.26.6_1","MWI","Malawi","MWI.26_1","Salima",NA,"TA Karonga",NA,NA,"Traditional Authority","Traditional Authority",NA,NA,"salima",0.561969469572714,0.434509359213226,0.993083319185931,0.66318738265729,0.349752209922944,0.592738961948886,0.995601180516368,0.646030784129399,-0.0171565985278908
"MWI.26.7_1","MWI","Malawi","MWI.26_1","Salima",NA,"TA Khombedza",NA,NA,"Traditional Authority","Traditional Authority",NA,NA,"salima",0.561969469572714,0.434509359213226,0.993083319185931,0.66318738265729,0.349752209922944,0.592738961948886,0.995601180516368,0.646030784129399,-0.0171565985278908
"MWI.26.8_1","MWI","Malawi","MWI.26_1","Salima",NA,"TA Kuluunda",NA,NA,"Traditional Authority","Traditional Authority",NA,NA,"salima",0.561969469572714,0.434509359213226,0.993083319185931,0.66318738265729,0.349752209922944,0.592738961948886,0.995601180516368,0.646030784129399,-0.0171565985278908
"MWI.26.9_1","MWI","Malawi","MWI.26_1","Salima",NA,"TA Maganga",NA,NA,"Traditional Authority","Traditional Authority",NA,NA,"salima",0.561969469572714,0.434509359213226,0.993083319185931,0.66318738265729,0.349752209922944,0.592738961948886,0.995601180516368,0.646030784129399,-0.0171565985278908
"MWI.26.10_1","MWI","Malawi","MWI.26_1","Salima",NA,"TA Ndindi",NA,NA,"Traditional Authority","Traditional Authority",NA,NA,"salima",0.561969469572714,0.434509359213226,0.993083319185931,0.66318738265729,0.349752209922944,0.592738961948886,0.995601180516368,0.646030784129399,-0.0171565985278908
"MWI.26.11_1","MWI","Malawi","MWI.26_1","Salima",NA,"TA Pemba",NA,NA,"Traditional Authority","Traditional Authority",NA,NA,"salima",0.561969469572714,0.434509359213226,0.993083319185931,0.66318738265729,0.349752209922944,0.592738961948886,0.995601180516368,0.646030784129399,-0.0171565985278908
"MWI.27.1_1","MWI","Malawi","MWI.27_1","Thyolo",NA,"Luchenza Town",NA,NA,"Town","Town",NA,NA,"thyolo",0.436263370360815,0.444063341360147,0.99242725573545,0.624251322485471,0.316275147179222,0.569315377759964,0.994400322017048,0.626663615652078,0.0024122931666074
"MWI.27.2_1","MWI","Malawi","MWI.27_1","Thyolo",NA,"SC Kwethemule",NA,NA,"Sub-chief","Sub-chief",NA,NA,"thyolo",0.436263370360815,0.444063341360147,0.99242725573545,0.624251322485471,0.316275147179222,0.569315377759964,0.994400322017048,0.626663615652078,0.0024122931666074
"MWI.27.3_1","MWI","Malawi","MWI.27_1","Thyolo",NA,"SC Mbawela",NA,NA,"Sub-chief","Sub-chief",NA,NA,"thyolo",0.436263370360815,0.444063341360147,0.99242725573545,0.624251322485471,0.316275147179222,0.569315377759964,0.994400322017048,0.626663615652078,0.0024122931666074
"MWI.27.4_1","MWI","Malawi","MWI.27_1","Thyolo",NA,"SC Mphuka",NA,NA,"Sub-chief","Sub-chief",NA,NA,"thyolo",0.436263370360815,0.444063341360147,0.99242725573545,0.624251322485471,0.316275147179222,0.569315377759964,0.994400322017048,0.626663615652078,0.0024122931666074
"MWI.27.5_1","MWI","Malawi","MWI.27_1","Thyolo",NA,"SC Thukuta",NA,NA,"Sub-chief","Sub-chief",NA,NA,"thyolo",0.436263370360815,0.444063341360147,0.99242725573545,0.624251322485471,0.316275147179222,0.569315377759964,0.994400322017048,0.626663615652078,0.0024122931666074
"MWI.27.6_1","MWI","Malawi","MWI.27_1","Thyolo",NA,"TA Bvumbwe",NA,NA,"Traditional Authority","Traditional Authority",NA,NA,"thyolo",0.436263370360815,0.444063341360147,0.99242725573545,0.624251322485471,0.316275147179222,0.569315377759964,0.994400322017048,0.626663615652078,0.0024122931666074
"MWI.27.7_1","MWI","Malawi","MWI.27_1","Thyolo",NA,"TA Changata",NA,NA,"Traditional Authority","Traditional Authority",NA,NA,"thyolo",0.436263370360815,0.444063341360147,0.99242725573545,0.624251322485471,0.316275147179222,0.569315377759964,0.994400322017048,0.626663615652078,0.0024122931666074
"MWI.27.8_1","MWI","Malawi","MWI.27_1","Thyolo",NA,"TA Chimaliro",NA,NA,"Traditional Authority","Traditional Authority",NA,NA,"thyolo",0.436263370360815,0.444063341360147,0.99242725573545,0.624251322485471,0.316275147179222,0.569315377759964,0.994400322017048,0.626663615652078,0.0024122931666074
"MWI.27.9_1","MWI","Malawi","MWI.27_1","Thyolo",NA,"TA Kapichi",NA,NA,"Traditional Authority","Traditional Authority",NA,NA,"thyolo",0.436263370360815,0.444063341360147,0.99242725573545,0.624251322485471,0.316275147179222,0.569315377759964,0.994400322017048,0.626663615652078,0.0024122931666074
"MWI.27.10_1","MWI","Malawi","MWI.27_1","Thyolo",NA,"TA Nchilamwela",NA,NA,"Traditional Authority","Traditional Authority",NA,NA,"thyolo",0.436263370360815,0.444063341360147,0.99242725573545,0.624251322485471,0.316275147179222,0.569315377759964,0.994400322017048,0.626663615652078,0.0024122931666074
"MWI.27.11_1","MWI","Malawi","MWI.27_1","Thyolo",NA,"TA Nsabwe",NA,NA,"Traditional Authority","Traditional Authority",NA,NA,"thyolo",0.436263370360815,0.444063341360147,0.99242725573545,0.624251322485471,0.316275147179222,0.569315377759964,0.994400322017048,0.626663615652078,0.0024122931666074
"MWI.27.12_1","MWI","Malawi","MWI.27_1","Thyolo",NA,"TA Thomas",NA,NA,"Traditional Authority","Traditional Authority",NA,NA,"thyolo",0.436263370360815,0.444063341360147,0.99242725573545,0.624251322485471,0.316275147179222,0.569315377759964,0.994400322017048,0.626663615652078,0.0024122931666074
"MWI.27.13_1","MWI","Malawi","MWI.27_1","Thyolo",NA,"Thyolo Boma",NA,NA,"Boma","Headquarter",NA,NA,"thyolo",0.436263370360815,0.444063341360147,0.99242725573545,0.624251322485471,0.316275147179222,0.569315377759964,0.994400322017048,0.626663615652078,0.0024122931666074
"MWI.28.1_1","MWI","Malawi","MWI.28_1","Zomba",NA,"Lake Chilwa",NA,NA,"Water body","Water body",NA,NA,"zomba",0.532336552081803,0.469497061056608,0.997088819015045,0.666307477384485,0.344750432488569,0.702750023520291,0.991802532003775,0.679767662670878,0.0134601852863929
"MWI.28.2_1","MWI","Malawi","MWI.28_1","Zomba",NA,"SC Mbiza",NA,NA,"Sub-chief","Sub-chief",NA,NA,"zomba",0.532336552081803,0.469497061056608,0.997088819015045,0.666307477384485,0.344750432488569,0.702750023520291,0.991802532003775,0.679767662670878,0.0134601852863929
"MWI.28.3_1","MWI","Malawi","MWI.28_1","Zomba",NA,"SC Mkumbira",NA,NA,"Sub-chief","Sub-chief",NA,NA,"zomba",0.532336552081803,0.469497061056608,0.997088819015045,0.666307477384485,0.344750432488569,0.702750023520291,0.991802532003775,0.679767662670878,0.0134601852863929
"MWI.28.4_1","MWI","Malawi","MWI.28_1","Zomba",NA,"TA Chikowi",NA,NA,"Traditional Authority","Traditional Authority",NA,NA,"zomba",0.532336552081803,0.469497061056608,0.997088819015045,0.666307477384485,0.344750432488569,0.702750023520291,0.991802532003775,0.679767662670878,0.0134601852863929
"MWI.28.5_1","MWI","Malawi","MWI.28_1","Zomba",NA,"TA Kuntumanji",NA,NA,"Traditional Authority","Traditional Authority",NA,NA,"zomba",0.532336552081803,0.469497061056608,0.997088819015045,0.666307477384485,0.344750432488569,0.702750023520291,0.991802532003775,0.679767662670878,0.0134601852863929
"MWI.28.6_1","MWI","Malawi","MWI.28_1","Zomba",NA,"TA Malemia",NA,NA,"Traditional Authority","Traditional Authority",NA,NA,"zomba",0.532336552081803,0.469497061056608,0.997088819015045,0.666307477384485,0.344750432488569,0.702750023520291,0.991802532003775,0.679767662670878,0.0134601852863929
"MWI.28.7_1","MWI","Malawi","MWI.28_1","Zomba",NA,"TA Mlumbe",NA,NA,"Traditional Authority","Traditional Authority",NA,NA,"zomba",0.532336552081803,0.469497061056608,0.997088819015045,0.666307477384485,0.344750432488569,0.702750023520291,0.991802532003775,0.679767662670878,0.0134601852863929
"MWI.28.8_1","MWI","Malawi","MWI.28_1","Zomba",NA,"TA Mwambo",NA,NA,"Traditional Authority","Traditional Authority",NA,NA,"zomba",0.532336552081803,0.469497061056608,0.997088819015045,0.666307477384485,0.344750432488569,0.702750023520291,0.991802532003775,0.679767662670878,0.0134601852863929
"MWI.28.9_1","MWI","Malawi","MWI.28_1","Zomba",NA,"Zomba City",NA,NA,"City","City",NA,NA,"zomba",0.532336552081803,0.469497061056608,0.997088819015045,0.666307477384485,0.344750432488569,0.702750023520291,0.991802532003775,0.679767662670878,0.0134601852863929
